src_content_id	target_content_id
357110bb-cbc5-4708-9711-1b26e6c63e86	ba951b09-5146-43be-87af-44075eac3ae9
9fb30a53-70fb-4f1c-878b-0064b202d1ba	37d0fa26-abed-4c74-8835-b3b51ae1c8b2
4ad66168-274d-4d83-9195-f4ab0ccc97cb	4794066e-e3cc-425e-8cc4-e7ff3edb4c39
668cd623-c7a8-4159-9575-90caac36d4b4	e2ca2f1a-0ff3-43ce-b813-16645ff27904
80cb30f4-0361-49ea-ad84-bc10910318bf	495afdb6-47be-4df1-8b38-91c8adb1eefc
d949275c-88f8-4623-a44b-eb3706651e10	33bc0eed-62c7-4b0b-9a93-626c9e10c025
33bc0eed-62c7-4b0b-9a93-626c9e10c025	495afdb6-47be-4df1-8b38-91c8adb1eefc
951ece54-c6df-4fbc-aa18-1bc629815fe2	51efa3dd-e9bc-42b2-aa26-06bf5f543015
51efa3dd-e9bc-42b2-aa26-06bf5f543015	a4038b29-b332-4f13-98b1-1c9709e216bc
4e561949-4a26-49c2-918d-6ad2972c4d33	3cf97f69-84de-41ae-bc7b-7e2cc238fa58
f3f4b5d3-49c4-487b-bd5b-be75f11ec8c5	e48ab80a-de80-4e83-bf59-26316856a5f9
a1efce91-28c3-4a33-a2fd-48364b1119a4	3cf97f69-84de-41ae-bc7b-7e2cc238fa58
f3caf326-fe33-410f-b7f4-553f4011c81e	f3f4b5d3-49c4-487b-bd5b-be75f11ec8c5
24e91c04-21cb-479a-8f23-df0eaab31788	d0f1e5a3-c8f4-4780-8678-994f19104b21
a1e4659c-dc15-48be-bc4f-6c609ae061dc	495afdb6-47be-4df1-8b38-91c8adb1eefc
ed2ca1f7-5463-4eda-9324-b597e269e242	495afdb6-47be-4df1-8b38-91c8adb1eefc
a1e624ed-e268-44ab-ac3f-4d3cb2bb8cb5	503c5bc7-809a-47b9-83e2-bd0c212dbabb
68ad6c84-49fd-4871-95bc-5bd48c0f81e1	503c5bc7-809a-47b9-83e2-bd0c212dbabb
6df55cf4-d25c-41d2-aec9-824c67a9eb51	d0f1e5a3-c8f4-4780-8678-994f19104b21
3dbeb4a3-33c0-4bda-bd21-b721b0f8736f	9597c30a-605a-4e36-8bc1-47e5cdae41b3
27db05a4-8204-495f-b622-737ced17d2c7	fe0b40e6-f742-45b0-9b2c-2cb976ce18ad
fe0b40e6-f742-45b0-9b2c-2cb976ce18ad	20086ead-41fc-49cf-8a62-d4e1126f41fc
7f4eaf37-60f8-4d8c-a968-7829098e05ff	ba951b09-5146-43be-87af-44075eac3ae9
52ff5c99-a17b-42c4-a9d7-2cc92cccca39	3cf97f69-84de-41ae-bc7b-7e2cc238fa58
51bbdf23-292a-4b74-8a66-f7db6b93b163	49f5ab15-d6fe-4a8e-8e56-44878798e7d6
49f5ab15-d6fe-4a8e-8e56-44878798e7d6	cebc01ee-f70a-4397-a552-622e10b62508
cebc01ee-f70a-4397-a552-622e10b62508	8124ead8-8ebc-4faf-88ad-dd5cbcc92ba8
8db04387-9076-4287-ab46-6a6695b593d7	33bc0eed-62c7-4b0b-9a93-626c9e10c025
bc962246-c8d5-43ba-97c3-08ed5f3f66ba	695dc6f2-27cc-4d8b-adc4-8d07c2bff748
695dc6f2-27cc-4d8b-adc4-8d07c2bff748	3cf97f69-84de-41ae-bc7b-7e2cc238fa58
c7db8692-d5a3-4d09-a7f6-3d1c0ab2f4ae	695dc6f2-27cc-4d8b-adc4-8d07c2bff748
d304dcea-c3f6-4b56-859c-6409a8712111	695dc6f2-27cc-4d8b-adc4-8d07c2bff748
95202728-fb55-4aac-a53e-6a8f1553348a	a4038b29-b332-4f13-98b1-1c9709e216bc
d6a4884e-769d-4b81-8ba5-b64394362d92	8124ead8-8ebc-4faf-88ad-dd5cbcc92ba8
40334e3b-8ce3-48d3-96bc-fec16b43da39	940e7a57-171a-4dad-b6eb-e2a5a87c9cec
940e7a57-171a-4dad-b6eb-e2a5a87c9cec	f0dcb0b9-2f2c-46b0-adea-42a4fe608170
f0dcb0b9-2f2c-46b0-adea-42a4fe608170	c58fdadd-7743-46d6-9629-90bb3ccc4ef0
3b35111d-dedf-47d7-af44-5125a0d9bfd3	e3147d4f-4bd5-4a14-a386-4ba7ccb058b4
e3147d4f-4bd5-4a14-a386-4ba7ccb058b4	4794066e-e3cc-425e-8cc4-e7ff3edb4c39
71f685fe-0dc3-469d-92c2-1000ad86d7d9	3cf97f69-84de-41ae-bc7b-7e2cc238fa58
f3dcc290-752f-4bbe-b379-9155d919a58d	8124ead8-8ebc-4faf-88ad-dd5cbcc92ba8
1ddd7a85-6c64-4b1e-9e54-55b50a0ae3f3	904cfd73-2707-47b8-8754-5765ec5a5b68
904cfd73-2707-47b8-8754-5765ec5a5b68	7c75c541-403f-4cb1-9b34-4ddde816a80d
7c75c541-403f-4cb1-9b34-4ddde816a80d	c58fdadd-7743-46d6-9629-90bb3ccc4ef0
1407a519-c8b6-4178-ac74-55708a2c5ce9	62e08e6f-9161-42c6-b9dd-0cf8fcab2c69
62e08e6f-9161-42c6-b9dd-0cf8fcab2c69	3cf97f69-84de-41ae-bc7b-7e2cc238fa58
b3077141-b10b-424c-ba10-5d41640feddb	4133cff8-c12d-49eb-8c1a-31ec179a0dbf
4133cff8-c12d-49eb-8c1a-31ec179a0dbf	52ff5c99-a17b-42c4-a9d7-2cc92cccca39
7178bed9-3c8c-40a3-bf98-bda077e4ce68	4a9ab4d7-0d03-4c61-9e16-47787cbf53cd
4a9ab4d7-0d03-4c61-9e16-47787cbf53cd	a4038b29-b332-4f13-98b1-1c9709e216bc
28262ae3-599c-4259-ae30-3c83a5ec02a1	6acc9db4-780e-4a46-92b4-1812e3c2c48a
3a6a6a84-cef8-4013-9fc2-0ed2f80f3e20	b20215a9-25fb-4fa6-80a3-42e23f5352c2
b20215a9-25fb-4fa6-80a3-42e23f5352c2	6acc9db4-780e-4a46-92b4-1812e3c2c48a
e2aac912-93c5-4b19-bd3d-9c12676e985c	503c5bc7-809a-47b9-83e2-bd0c212dbabb
f4e9e92d-9192-4e17-90c6-553339bc04c3	3cf97f69-84de-41ae-bc7b-7e2cc238fa58
cb4c8377-6fcb-4022-a7a1-98395eb50508	3cf97f69-84de-41ae-bc7b-7e2cc238fa58
23941096-abfd-4997-8111-646a7c5e9813	51efa3dd-e9bc-42b2-aa26-06bf5f543015
1f0d0dcf-a5c0-4116-9ece-b7d7d46b3e3e	9949c2c1-ff96-4b4f-b584-c700e316c9de
9949c2c1-ff96-4b4f-b584-c700e316c9de	3cf97f69-84de-41ae-bc7b-7e2cc238fa58
8af13fba-d969-4d87-a02e-2e71783d47be	e04c9a5c-88e8-46e5-91d9-add405e098fb
e04c9a5c-88e8-46e5-91d9-add405e098fb	28262ae3-599c-4259-ae30-3c83a5ec02a1
4788b4b8-2642-47ca-bfc2-bd7e8705a1da	e04c9a5c-88e8-46e5-91d9-add405e098fb
1b3b139c-76fe-4bd4-89de-e6dcda134abd	42e6e5c3-3a06-4a6f-abd4-a4b85d9c6b16
42e6e5c3-3a06-4a6f-abd4-a4b85d9c6b16	c58fdadd-7743-46d6-9629-90bb3ccc4ef0
73c19fc1-d7ee-4d6c-b06e-446711ed9240	ff00b8b2-dcdb-4659-93c2-291c9be354f3
ff00b8b2-dcdb-4659-93c2-291c9be354f3	c58fdadd-7743-46d6-9629-90bb3ccc4ef0
d6dba75a-42bd-4e1e-984c-2bddb6b41951	37d0fa26-abed-4c74-8835-b3b51ae1c8b2
8a98b827-82ad-49b4-819e-82c208c551c4	e48ab80a-de80-4e83-bf59-26316856a5f9
bd191af7-cb8b-47d5-bcd5-82e7f95fe96d	588f7593-4dd8-46c2-bcaa-c3e99c28d541
588f7593-4dd8-46c2-bcaa-c3e99c28d541	13d01427-33b5-4ca4-bf7a-68425f54e236
13d01427-33b5-4ca4-bf7a-68425f54e236	a4038b29-b332-4f13-98b1-1c9709e216bc
7d67047c-bf22-4c34-b566-b46d6973f961	8124ead8-8ebc-4faf-88ad-dd5cbcc92ba8
259e9f9f-b639-47f2-a342-7676f85b1985	1309a4b3-17b5-40ec-9747-16cd2ef65dc6
1309a4b3-17b5-40ec-9747-16cd2ef65dc6	f3dcc290-752f-4bbe-b379-9155d919a58d
79097228-f2f6-4137-8fbc-b35558ff579d	1309a4b3-17b5-40ec-9747-16cd2ef65dc6
b297e49c-7da4-4bc1-8714-da80fa0758d3	e2ca2f1a-0ff3-43ce-b813-16645ff27904
cb7db7bb-d0b4-4e22-9f0b-58a28c2db38c	37d0fa26-abed-4c74-8835-b3b51ae1c8b2
022230db-a437-47ee-9fdf-1c20ba845c2c	7cd02e03-8f49-48f1-a76a-9d98a14c653f
7cd02e03-8f49-48f1-a76a-9d98a14c653f	d6a4884e-769d-4b81-8ba5-b64394362d92
4ef6d013-ec2d-4ae8-a1a0-5a984e6e6c42	495afdb6-47be-4df1-8b38-91c8adb1eefc
ccb77bcc-56b4-419a-b5ce-f7c2234e0546	495afdb6-47be-4df1-8b38-91c8adb1eefc
c6a19bb4-1264-4abe-9f1c-6c30f8dea5f7	13d01427-33b5-4ca4-bf7a-68425f54e236
23265b25-7ec3-4960-8517-4ff8d4d92cac	c58fdadd-7743-46d6-9629-90bb3ccc4ef0
ff10faa5-1bc0-41a4-8629-d528915ad7e4	ba951b09-5146-43be-87af-44075eac3ae9
264b70fc-8063-480e-8652-9297d40efd2d	4a9ab4d7-0d03-4c61-9e16-47787cbf53cd
4c18a195-9b74-4882-8d11-bf224ceb8292	d0f1e5a3-c8f4-4780-8678-994f19104b21
ebeaf804-c1b1-40cd-920f-319aa2b56ba3	092348a4-b896-4f8f-a0dc-e6d4605a4904
092348a4-b896-4f8f-a0dc-e6d4605a4904	d0f1e5a3-c8f4-4780-8678-994f19104b21
76fec242-7040-4499-8661-dd823f88fab3	4ad66168-274d-4d83-9195-f4ab0ccc97cb
d7dd4470-019c-489b-8978-d06924d021c9	3b1f1d58-dcd5-4d7e-adb6-fcc4c56324d0
3b1f1d58-dcd5-4d7e-adb6-fcc4c56324d0	84a394d2-b388-4e4e-904e-136ca3f5dd7d
84a394d2-b388-4e4e-904e-136ca3f5dd7d	a4038b29-b332-4f13-98b1-1c9709e216bc
d7e02519-b7ba-4297-80a8-01cd0e5f2cb2	495afdb6-47be-4df1-8b38-91c8adb1eefc
09e40fac-beaa-4ca9-b84e-db3bbf2c9536	c1b4353c-c05f-494c-8f94-10f7c6959287
c1b4353c-c05f-494c-8f94-10f7c6959287	7c75c541-403f-4cb1-9b34-4ddde816a80d
af89d06d-db1c-4a37-a8df-63d1e308c183	a28530a2-b0a3-46f9-89b9-3d98fc18e39d
a28530a2-b0a3-46f9-89b9-3d98fc18e39d	7c75c541-403f-4cb1-9b34-4ddde816a80d
7d55894e-5ba5-4495-8962-e7650e9a0559	30ba2d05-d0d6-4978-a5d6-707511894111
30ba2d05-d0d6-4978-a5d6-707511894111	d6a4884e-769d-4b81-8ba5-b64394362d92
c31256e8-f328-462b-993f-dce50b7892e9	30ba2d05-d0d6-4978-a5d6-707511894111
d39a3eae-b358-4472-83e2-2e17a86e2ad8	a4038b29-b332-4f13-98b1-1c9709e216bc
bfa7817d-35b9-4c67-9cb1-c6a74313e9ee	4133cff8-c12d-49eb-8c1a-31ec179a0dbf
3afd1d79-597d-4f97-bc7a-83766dcab2f4	e48ab80a-de80-4e83-bf59-26316856a5f9
2894668d-0c21-491a-9069-a271e67f6025	3afd1d79-597d-4f97-bc7a-83766dcab2f4
13fb7519-c48e-4577-90f8-aaf483fa0c03	495afdb6-47be-4df1-8b38-91c8adb1eefc
08899d00-fd62-43ce-9704-0e71796d063b	7d67047c-bf22-4c34-b566-b46d6973f961
8d110d4f-4c9b-424a-8c75-de0a15bbeaac	8db04387-9076-4287-ab46-6a6695b593d7
f6b0aa9d-2aa6-43ed-b72a-85f22affb506	8db04387-9076-4287-ab46-6a6695b593d7
8ff8cf05-a6e6-4757-a896-4fabd9f3229a	e491505c-77ae-45b2-84be-8c94b94f6a2b
cff00c83-21a5-4d43-b0fb-7363fd5443f0	9129d716-365b-44ba-9856-383423fe1e41
9129d716-365b-44ba-9856-383423fe1e41	9949c2c1-ff96-4b4f-b584-c700e316c9de
6126d57d-df55-4f31-86ec-6d4388b513b1	dfe808c3-6a58-4266-8f50-a93d931bfaaf
dfe808c3-6a58-4266-8f50-a93d931bfaaf	e48ab80a-de80-4e83-bf59-26316856a5f9
1327984f-95e0-4ca7-94c7-c63e69c30924	33bc0eed-62c7-4b0b-9a93-626c9e10c025
dae0c91a-d4ba-4262-a639-e1e0719e658c	d6af3ac9-e252-4e13-a673-405125797219
d6af3ac9-e252-4e13-a673-405125797219	1218dda2-9279-4fec-840c-1321cb1a8934
1218dda2-9279-4fec-840c-1321cb1a8934	899d76d6-4d59-409e-a7a4-2a7e47c9361b
899d76d6-4d59-409e-a7a4-2a7e47c9361b	3cf97f69-84de-41ae-bc7b-7e2cc238fa58
d956c72a-246d-4787-af39-00bf58b2ea66	9597c30a-605a-4e36-8bc1-47e5cdae41b3
d96e4efc-9c26-4d9b-9fa7-a036b5c11a65	9597c30a-605a-4e36-8bc1-47e5cdae41b3
8f75f298-8126-47d4-8da1-ed67c4ecb39c	695dc6f2-27cc-4d8b-adc4-8d07c2bff748
702b112f-32fb-431c-8fbf-bc38b4419c49	68ad6c84-49fd-4871-95bc-5bd48c0f81e1
b29cf14b-54c6-402c-a9f0-77218602d1af	e2ca2f1a-0ff3-43ce-b813-16645ff27904
8ffb6190-125b-4ada-833a-8428eae135f5	b14a6778-60a2-483a-924c-774d1040cbf4
b14a6778-60a2-483a-924c-774d1040cbf4	3cf97f69-84de-41ae-bc7b-7e2cc238fa58
7172945a-aed5-4fa1-af6b-9ae09a584ad8	42fdd045-cadf-474b-b8a6-ca20a77c43bb
42fdd045-cadf-474b-b8a6-ca20a77c43bb	3cf97f69-84de-41ae-bc7b-7e2cc238fa58
d24214de-d6da-46b0-a1f3-374f691ea50e	9fb30a53-70fb-4f1c-878b-0064b202d1ba
6a10a7ae-4729-4941-9889-c2330b6a893b	37d0fa26-abed-4c74-8835-b3b51ae1c8b2
71882e94-5491-49d2-b2f8-9f7e84611080	80cb30f4-0361-49ea-ad84-bc10910318bf
0edc28be-da72-4b33-8ecf-e83455eeaced	2389dfd4-a0c4-4bd2-b7e6-06f465463d22
2389dfd4-a0c4-4bd2-b7e6-06f465463d22	206b7f3a-49b5-476f-af0f-fd27e2a68473
5984199c-d85c-4ffc-b13a-c5f2482d2258	ed2ca1f7-5463-4eda-9324-b597e269e242
99ad06b5-f5ff-4deb-b413-a5d3b0dc2010	4a9ab4d7-0d03-4c61-9e16-47787cbf53cd
e1d2032c-6a59-4a1a-919c-dc149847dffb	08a8a69f-2825-4fe2-a4cf-c83458a5629e
08a8a69f-2825-4fe2-a4cf-c83458a5629e	ba3a9702-da22-487f-86c1-8334a730e559
7cfca009-f311-43a5-8b44-145ce26986e7	fef7e737-6f1a-4ef4-b844-aa24b630ad03
fef7e737-6f1a-4ef4-b844-aa24b630ad03	ba3a9702-da22-487f-86c1-8334a730e559
7f3e73e4-f20d-43be-9c80-021f2ac1897f	fef7e737-6f1a-4ef4-b844-aa24b630ad03
a2542401-2043-4ad9-851b-ea886a67b1ff	29480b00-dc4d-49a0-b48c-25dda8569325
29480b00-dc4d-49a0-b48c-25dda8569325	ba3a9702-da22-487f-86c1-8334a730e559
7a5e878e-2b0f-4c3f-9079-586590a1a194	4a9ab4d7-0d03-4c61-9e16-47787cbf53cd
e2559668-cf36-47fc-8a77-2e760e12a812	52ff5c99-a17b-42c4-a9d7-2cc92cccca39
b67afac3-0bfc-4e44-9893-951be4d05e4c	db605204-0f03-441b-837f-16613c6b3f8f
db605204-0f03-441b-837f-16613c6b3f8f	c58fdadd-7743-46d6-9629-90bb3ccc4ef0
20eb4e84-98ee-404b-a4bd-fe8a36d5d71d	206b7f3a-49b5-476f-af0f-fd27e2a68473
ecc8978c-cc6b-463e-a3d5-d5428c3e9f7d	e2ca2f1a-0ff3-43ce-b813-16645ff27904
272308f4-05c8-4d0d-abc7-b7c2e3ccd249	5b7b9532-a775-4bd2-a3aa-6ce380184b6c
c2d5f70c-5cec-4618-9e96-7083d8335ba5	d6a4884e-769d-4b81-8ba5-b64394362d92
251c887f-07b9-4e51-838d-18ac72a52b08	7a1ba896-b85a-4137-81d9-ab05b7ce67dd
7a1ba896-b85a-4137-81d9-ab05b7ce67dd	dded88e2-f92e-424f-b73e-6ad24a839c51
9ec092af-0f53-4a82-b4b0-9d016162ba01	d6dba75a-42bd-4e1e-984c-2bddb6b41951
165bfd10-8402-4719-b38e-62ca618d3b8f	ba951b09-5146-43be-87af-44075eac3ae9
23100f5c-25d2-4d3f-8a63-f32e619a32d5	ba951b09-5146-43be-87af-44075eac3ae9
4919a97c-3249-496c-8485-b7c8d36d6ef0	ba951b09-5146-43be-87af-44075eac3ae9
42c7ab56-125d-4328-b1c9-88564d94fef1	a1e624ed-e268-44ab-ac3f-4d3cb2bb8cb5
f6d035f3-313f-4c10-aa17-ce1853fd9685	61b4cb95-d7c9-4c84-a4be-81d941ca11ba
61b4cb95-d7c9-4c84-a4be-81d941ca11ba	a5c88a77-03ba-4100-bd33-7ee2ce602dc8
a5c88a77-03ba-4100-bd33-7ee2ce602dc8	6acc9db4-780e-4a46-92b4-1812e3c2c48a
5605545e-03ca-4520-9519-163ea341bc86	6acc9db4-780e-4a46-92b4-1812e3c2c48a
17342ebc-04f8-434b-bcd6-be533238d02d	7c75c541-403f-4cb1-9b34-4ddde816a80d
4300d7e7-4b3d-4a67-a4a6-c58f6d6bcbfc	13d01427-33b5-4ca4-bf7a-68425f54e236
216cb66b-5da1-4fea-99f1-b2a47d738bb0	13d01427-33b5-4ca4-bf7a-68425f54e236
7983b980-1bb8-4707-9178-981c12ceb333	25511b5f-2799-4141-9444-d08e9ebc0a8a
25511b5f-2799-4141-9444-d08e9ebc0a8a	95202728-fb55-4aac-a53e-6a8f1553348a
f441e630-2bba-4bbd-8c1b-22ae61cc00c2	cebc01ee-f70a-4397-a552-622e10b62508
8aa41155-58ff-4d7d-a11a-7e3ef42863dd	495afdb6-47be-4df1-8b38-91c8adb1eefc
1fb1ae8d-c975-43ba-9672-13ee0993e98b	ba951b09-5146-43be-87af-44075eac3ae9
e436669d-6f01-41ed-8401-23af7b15c758	f37542ca-a728-42dc-aaa2-801b03daba33
f37542ca-a728-42dc-aaa2-801b03daba33	95202728-fb55-4aac-a53e-6a8f1553348a
106f6502-c289-436f-999a-2983f8530c99	d7e02519-b7ba-4297-80a8-01cd0e5f2cb2
77df2bda-e5e3-402c-a4c4-f3bdda5d6051	9949c2c1-ff96-4b4f-b584-c700e316c9de
efa9782b-a3d0-4ca0-9c92-3b89748175b7	ed2ca1f7-5463-4eda-9324-b597e269e242
0bb6e269-4c6d-432d-96b6-f2b343a7603c	e2ca2f1a-0ff3-43ce-b813-16645ff27904
87d0bee6-dcc0-4cc1-bc5e-f033f0ab620b	95202728-fb55-4aac-a53e-6a8f1553348a
fae66b20-eacd-4a41-a417-81cae5fa4b8c	ba951b09-5146-43be-87af-44075eac3ae9
092c86a5-717e-4bea-be43-4a5d8695a113	33bc0eed-62c7-4b0b-9a93-626c9e10c025
d34ba9b3-28d8-40d5-a2d3-f52d216c2590	495afdb6-47be-4df1-8b38-91c8adb1eefc
90e8a226-8d40-4c1f-91e4-36a712b34e57	c58fdadd-7743-46d6-9629-90bb3ccc4ef0
90abb508-3533-487e-ab29-c9cfd9a419b7	272308f4-05c8-4d0d-abc7-b7c2e3ccd249
07299ca5-bc4d-48dd-a3f1-edd3b170bb4a	7c75c541-403f-4cb1-9b34-4ddde816a80d
75efcbd0-4f01-4ce2-b151-01a58f8fb7a9	b297e49c-7da4-4bc1-8714-da80fa0758d3
429bf677-b514-4c10-8a89-c0eee4acc7ec	ccb77bcc-56b4-419a-b5ce-f7c2234e0546
c79ea67b-54f1-46d6-85e6-fd5914cdfe76	8d99749f-e2c5-43a3-a283-0faef4ee8a5d
8d99749f-e2c5-43a3-a283-0faef4ee8a5d	2368b8b1-9405-4e66-b396-a5d54b777a0a
2368b8b1-9405-4e66-b396-a5d54b777a0a	52ff5c99-a17b-42c4-a9d7-2cc92cccca39
3b643153-c4ff-45aa-b923-0be70b083071	503c5bc7-809a-47b9-83e2-bd0c212dbabb
c914fd40-dd0a-45c4-a6ff-bce0cda31bde	503c5bc7-809a-47b9-83e2-bd0c212dbabb
4abd1756-3c5c-4af1-adc3-8456ab84acd6	3b1f1d58-dcd5-4d7e-adb6-fcc4c56324d0
974db797-6c7c-4c79-a92e-182dadb62362	cebc01ee-f70a-4397-a552-622e10b62508
0f3357e6-23ae-4ad2-9d31-a55a72cbb227	5b7b9532-a775-4bd2-a3aa-6ce380184b6c
b48b3d72-68e4-4d17-9846-c5b2bbc028d5	b29cf14b-54c6-402c-a9f0-77218602d1af
96c479bc-9b6c-49d3-8e86-3821f43a6fb0	e2ca2f1a-0ff3-43ce-b813-16645ff27904
74f7449e-08f8-4325-b8db-3703cb99f4d0	495afdb6-47be-4df1-8b38-91c8adb1eefc
c8f01be4-435b-46d1-b6d2-7fc4cebc0518	4ef6d013-ec2d-4ae8-a1a0-5a984e6e6c42
1a045007-0eaf-4429-8240-ec034ee6e9d8	ccb77bcc-56b4-419a-b5ce-f7c2234e0546
a90b30f7-bd6a-4d49-a7e3-3661e6019f2d	42fdd045-cadf-474b-b8a6-ca20a77c43bb
1c36710f-d41d-4bd8-ae19-6c69d9230307	0398a361-7c0d-49dd-beb3-4e405571f627
0398a361-7c0d-49dd-beb3-4e405571f627	13d01427-33b5-4ca4-bf7a-68425f54e236
a2a21bb3-15bf-4347-b4db-ceaaabfd9715	0398a361-7c0d-49dd-beb3-4e405571f627
bf9ba557-b3d8-4c4e-8e39-0d09466808b4	931dc3bb-827b-4490-8013-111689b25142
931dc3bb-827b-4490-8013-111689b25142	7c75c541-403f-4cb1-9b34-4ddde816a80d
821b4c29-1ed9-44e1-b22d-a5b3ead1de14	6df55cf4-d25c-41d2-aec9-824c67a9eb51
4a12dac1-5ac1-4cec-9219-aea8bb2840e6	9fb30a53-70fb-4f1c-878b-0064b202d1ba
1dd3f25a-9237-4143-b2d2-cd7f6863c9c0	ba951b09-5146-43be-87af-44075eac3ae9
459b36eb-65f0-43a6-95ab-f3fb0bdaff50	ba951b09-5146-43be-87af-44075eac3ae9
d2005b89-352f-4896-aced-1d17504330e6	c58fdadd-7743-46d6-9629-90bb3ccc4ef0
a60247cb-f081-4ec2-ab01-da1465766b7d	9fb30a53-70fb-4f1c-878b-0064b202d1ba
43d071e7-a450-4bb6-b34a-c4ed256a226d	30ba2d05-d0d6-4978-a5d6-707511894111
58bebb74-fae7-4c97-878b-61ff543d9d12	dd767840-363e-43ad-8835-c9ab516633de
dd767840-363e-43ad-8835-c9ab516633de	c58fdadd-7743-46d6-9629-90bb3ccc4ef0
c0844541-84cf-4850-a532-7c84c97e2251	f3dcc290-752f-4bbe-b379-9155d919a58d
6d65a934-1129-4713-9c90-39b235cb1693	95202728-fb55-4aac-a53e-6a8f1553348a
35136812-221c-4ba2-8ed1-46e409ca5e10	6acc9db4-780e-4a46-92b4-1812e3c2c48a
9f183c2c-2256-42d7-a12d-ced7b7f24195	e491505c-77ae-45b2-84be-8c94b94f6a2b
67f50352-bc30-482f-a2d0-a05714e3cea8	e48ab80a-de80-4e83-bf59-26316856a5f9
5653692e-6f2f-49f0-813a-9301f32e8de9	d6dba75a-42bd-4e1e-984c-2bddb6b41951
43fcdde6-59c5-487f-a969-a046b334cbec	206b7f3a-49b5-476f-af0f-fd27e2a68473
07d3b133-dc99-47a9-8213-0a3c14993561	25511b5f-2799-4141-9444-d08e9ebc0a8a
971bcb67-d0df-4c82-9635-7dda95fb4444	b4e41212-77b8-44ba-8fb5-6aa479b20d36
b4e41212-77b8-44ba-8fb5-6aa479b20d36	84a394d2-b388-4e4e-904e-136ca3f5dd7d
2f9dba8b-83a2-4d99-b61b-a8738fa4e855	3e4df71e-474d-4a40-bd6a-b3072affa151
3e4df71e-474d-4a40-bd6a-b3072affa151	a4038b29-b332-4f13-98b1-1c9709e216bc
14e7aabf-97c7-4b33-941d-4dda274f793e	5b7b9532-a775-4bd2-a3aa-6ce380184b6c
5bfde35c-eefb-4bae-b608-72e0e41a3fb2	668cd623-c7a8-4159-9575-90caac36d4b4
bf3906da-359c-4366-9e1b-2e5b5334167e	28262ae3-599c-4259-ae30-3c83a5ec02a1
fc5f468f-a3ba-4fde-9c1d-ed2dd17cfd82	4ad66168-274d-4d83-9195-f4ab0ccc97cb
cb910f96-f842-4cfc-9e20-d99683504529	42e6e5c3-3a06-4a6f-abd4-a4b85d9c6b16
81ddcd37-ea05-44b2-b61f-50c9c0c44cfe	0398a361-7c0d-49dd-beb3-4e405571f627
5c37c642-d4dc-43ff-a7af-3fb30e18c642	5b7b9532-a775-4bd2-a3aa-6ce380184b6c
49322f0a-04e1-4d08-9e18-e096cfa3301c	940e7a57-171a-4dad-b6eb-e2a5a87c9cec
258c6e6d-4e4e-42f1-a554-30b22f2aebab	7c75c541-403f-4cb1-9b34-4ddde816a80d
ae747de8-96ad-4f66-9d6d-4d5c357e9956	e2ca2f1a-0ff3-43ce-b813-16645ff27904
51631b37-84c4-4a47-b839-2ea34cdd1894	0398a361-7c0d-49dd-beb3-4e405571f627
b9ade971-9c53-4318-b95b-906a122ed2f8	5b7b9532-a775-4bd2-a3aa-6ce380184b6c
9cf64a4b-68cc-4723-8659-cd88523ce910	28262ae3-599c-4259-ae30-3c83a5ec02a1
a34518fb-c418-45da-8551-888ca8bdedd6	b20215a9-25fb-4fa6-80a3-42e23f5352c2
f98bece0-dfc0-4db3-9374-dd629bcffdd7	28262ae3-599c-4259-ae30-3c83a5ec02a1
24f22965-542e-4ed0-82fa-2e54ca95b35d	a5c88a77-03ba-4100-bd33-7ee2ce602dc8
8ff5779f-5825-4aed-8a5f-6b99bc4654db	7bf5c281-681a-4ea3-bd22-d1ed96d421aa
7bf5c281-681a-4ea3-bd22-d1ed96d421aa	693b7a9e-688f-4278-9375-9841f4187b23
693b7a9e-688f-4278-9375-9841f4187b23	84a394d2-b388-4e4e-904e-136ca3f5dd7d
d74faafc-781d-4087-8e0c-be4216180059	ed2ca1f7-5463-4eda-9324-b597e269e242
e4b9e05a-6c04-4e18-945f-4584c08c4628	e491505c-77ae-45b2-84be-8c94b94f6a2b
b534a486-dcf9-48fd-9419-d99811e54558	668cd623-c7a8-4159-9575-90caac36d4b4
afd65c1c-dee0-4f5b-8bd6-4f502e4870af	ba951b09-5146-43be-87af-44075eac3ae9
582b2a51-74a4-40a3-8b78-19b73d16540e	c52607de-10f8-4dc7-9adb-6e29ac5947f3
c52607de-10f8-4dc7-9adb-6e29ac5947f3	dbbf7f4d-78aa-46ac-8e67-d937fe9a8c69
dbbf7f4d-78aa-46ac-8e67-d937fe9a8c69	84a394d2-b388-4e4e-904e-136ca3f5dd7d
6d3201e7-5222-4510-b952-706cbde0721c	1a26ae19-00f2-4be1-b9b6-aa72876a0278
1a26ae19-00f2-4be1-b9b6-aa72876a0278	c58fdadd-7743-46d6-9629-90bb3ccc4ef0
685d131a-5bcc-46e0-b952-8d9a3ffc6f0a	90c9b9f1-0a4f-4639-b1e9-2bfb23d611bd
90c9b9f1-0a4f-4639-b1e9-2bfb23d611bd	e48ab80a-de80-4e83-bf59-26316856a5f9
f4f8cd96-0d45-49fe-8996-c82154b168ee	90c9b9f1-0a4f-4639-b1e9-2bfb23d611bd
926408e1-1d54-493c-a458-9907eb3743da	578871e4-b755-4664-b0e6-1b2e8b841600
578871e4-b755-4664-b0e6-1b2e8b841600	90c9b9f1-0a4f-4639-b1e9-2bfb23d611bd
5c2be44d-4007-446a-99c4-a45f92923314	93549580-c134-41a7-9cbc-1797ebc10200
93549580-c134-41a7-9cbc-1797ebc10200	90c9b9f1-0a4f-4639-b1e9-2bfb23d611bd
78c2148c-a7cd-448b-8105-9f78ded119d1	e48ab80a-de80-4e83-bf59-26316856a5f9
720f650a-331f-4575-9c56-376d1eaa9ca0	ff00b8b2-dcdb-4659-93c2-291c9be354f3
a2763aed-d4f2-4c51-9ba1-518398149605	62e08e6f-9161-42c6-b9dd-0cf8fcab2c69
b7558ad9-32cf-4d77-92e6-e926fc515e72	a1e4659c-dc15-48be-bc4f-6c609ae061dc
eb09af12-3310-4c84-9a06-3e8895ce95e3	9fb30a53-70fb-4f1c-878b-0064b202d1ba
4e83f852-1e37-4329-910e-ab63eb00210a	7bf5c281-681a-4ea3-bd22-d1ed96d421aa
c3bc9a54-2d49-4236-962a-8414c6c33a86	8aa41155-58ff-4d7d-a11a-7e3ef42863dd
9ede3dd9-b3ea-4b35-bf51-dbd5ddc11d23	68ad6c84-49fd-4871-95bc-5bd48c0f81e1
c2bbb66f-b108-4147-8db1-c637d0d28790	5b7b9532-a775-4bd2-a3aa-6ce380184b6c
9fb5e890-c4c2-4237-bad6-a1e04c5f72f6	f3caf326-fe33-410f-b7f4-553f4011c81e
6690703b-ce48-4108-b5f0-75807ff3202e	940e7a57-171a-4dad-b6eb-e2a5a87c9cec
5a8b6318-79d7-4ac0-81a3-f8e2b6ab7cf5	f3dcc290-752f-4bbe-b379-9155d919a58d
bac7acc0-48aa-4889-ad2a-e0f5a138e6b0	f4e9e92d-9192-4e17-90c6-553339bc04c3
5c9372ef-8cac-4c41-b95b-6117ea052b78	23265b25-7ec3-4960-8517-4ff8d4d92cac
532905a6-84fe-42cc-8c83-77750f0baa3d	f9e476ef-654d-41ec-97d9-2b6842d4361d
f9e476ef-654d-41ec-97d9-2b6842d4361d	e2ca2f1a-0ff3-43ce-b813-16645ff27904
98f4b5d8-48cf-4a60-a395-7cba32a09325	0398a361-7c0d-49dd-beb3-4e405571f627
8d48428d-c9e9-40f6-b133-34ed7cb6c1e2	4a9ab4d7-0d03-4c61-9e16-47787cbf53cd
9104dfd2-4da9-4309-98dc-dc54f7d8d2db	904cfd73-2707-47b8-8754-5765ec5a5b68
6fe00099-9771-4889-8638-c7f4247a168c	931dc3bb-827b-4490-8013-111689b25142
95d06252-5d75-42fb-9c5c-038ab6b482e4	e48ab80a-de80-4e83-bf59-26316856a5f9
2170a0e2-603e-4385-b929-4b17b9ecc343	6e85c12f-f52b-41b3-93ad-59e5f19d64f6
6e85c12f-f52b-41b3-93ad-59e5f19d64f6	ba3a9702-da22-487f-86c1-8334a730e559
06e2928c-57b1-4b8d-a06e-3dde9ce63a6f	6e85c12f-f52b-41b3-93ad-59e5f19d64f6
a99fc39c-997a-4b1a-9e6d-8cf63a3100be	092348a4-b896-4f8f-a0dc-e6d4605a4904
013fc5e0-280c-4f73-9598-47de68f13dcd	8d99749f-e2c5-43a3-a283-0faef4ee8a5d
90b0d358-5399-4336-9a02-aaeceb810bbd	4ef6d013-ec2d-4ae8-a1a0-5a984e6e6c42
f137663b-cdf5-4065-ac94-976ddacdf300	4ef6d013-ec2d-4ae8-a1a0-5a984e6e6c42
bf53bd19-433e-46c5-b6a9-f3a690130a75	f9e476ef-654d-41ec-97d9-2b6842d4361d
c64eb759-93ff-4bfd-86f2-16753fc1e062	ba3a9702-da22-487f-86c1-8334a730e559
1906f68c-2d10-4182-9a0f-31a1f7d77c29	ba951b09-5146-43be-87af-44075eac3ae9
76af3d10-f1ff-4129-aad9-7c69edf7bb60	c914fd40-dd0a-45c4-a6ff-bce0cda31bde
91486f5f-37b0-401a-8e16-22be5dd1a6e9	e3147d4f-4bd5-4a14-a386-4ba7ccb058b4
8197d980-7a34-4017-a507-c32ba1797368	4ad66168-274d-4d83-9195-f4ab0ccc97cb
e9926d96-9bfd-4d8f-ad4e-301254216298	ba951b09-5146-43be-87af-44075eac3ae9
6c94d7f9-2270-41e2-b3a1-018cab93cfb7	c23e2747-a59e-476e-be65-2add5c896f13
c23e2747-a59e-476e-be65-2add5c896f13	84a394d2-b388-4e4e-904e-136ca3f5dd7d
1127bf21-8774-4c58-9ac7-0906b96cfb59	dbbf7f4d-78aa-46ac-8e67-d937fe9a8c69
9300a567-f395-4017-ac88-dd9ce56f676a	c52607de-10f8-4dc7-9adb-6e29ac5947f3
c657bea7-3b82-4103-9d7c-8d9725f87ede	90e8a226-8d40-4c1f-91e4-36a712b34e57
9101cc52-aaf3-429b-9bad-da16dc6f0a01	e3147d4f-4bd5-4a14-a386-4ba7ccb058b4
a937271d-25d1-4ebc-a2dd-eb94947c2122	52ff5c99-a17b-42c4-a9d7-2cc92cccca39
e484667a-d31c-471e-9af5-74f6523d183d	d6dba75a-42bd-4e1e-984c-2bddb6b41951
ef01a97b-fe09-40bb-87af-d6b38a86195c	13d01427-33b5-4ca4-bf7a-68425f54e236
7fd6fd0f-92d7-4f3c-ad03-97d12220552e	13d01427-33b5-4ca4-bf7a-68425f54e236
76b03d8c-e5cc-4ba0-8630-c7cc71fb87ad	dded88e2-f92e-424f-b73e-6ad24a839c51
82730dd2-4ead-4ae6-943b-2c910e758279	4794066e-e3cc-425e-8cc4-e7ff3edb4c39
2dc353bf-d481-4c81-9f8f-25e1d4bc5da9	f0dcb0b9-2f2c-46b0-adea-42a4fe608170
b52d05ab-bc36-4a68-9bbf-63417788af3c	18cb575a-45a0-4ab8-8bff-12c48a2ee8d4
18cb575a-45a0-4ab8-8bff-12c48a2ee8d4	f1d9c348-5c5e-4fc6-9172-13a62537d3ae
f1d9c348-5c5e-4fc6-9172-13a62537d3ae	206b7f3a-49b5-476f-af0f-fd27e2a68473
689bb0dd-bd50-42e0-9195-cfb020bc3ee7	454b3d57-870e-4691-a700-abbf7d883c34
454b3d57-870e-4691-a700-abbf7d883c34	20eb4e84-98ee-404b-a4bd-fe8a36d5d71d
45a38712-a3d6-42a7-a3ef-70c37665f429	4ad66168-274d-4d83-9195-f4ab0ccc97cb
7b710bd4-796c-4b99-933e-1eeb596b27a8	4ad66168-274d-4d83-9195-f4ab0ccc97cb
d1b7471b-bdd1-4719-9376-b79d2f854807	ba951b09-5146-43be-87af-44075eac3ae9
5bdb7e5c-bc3b-4b44-bd4a-959973281535	95d06252-5d75-42fb-9c5c-038ab6b482e4
17fb491a-15f3-4c71-8e25-f645ff8b3ed3	db605204-0f03-441b-837f-16613c6b3f8f
05a9527b-e6e9-4a68-8dd7-7d84e6a24eef	dded88e2-f92e-424f-b73e-6ad24a839c51
5812ef82-6a5c-43b8-9d76-b3f7d8019945	899d76d6-4d59-409e-a7a4-2a7e47c9361b
ee851490-dd5a-4163-b337-9628795dee0a	f37542ca-a728-42dc-aaa2-801b03daba33
a15cc825-5319-40a9-8396-0153920f8f0b	ba951b09-5146-43be-87af-44075eac3ae9
98c52943-4e22-4481-a83d-f2f5b32a5d20	c3bc9a54-2d49-4236-962a-8414c6c33a86
262e9ea7-90fc-4ac8-8aa7-fc294282a1d4	ba3a9702-da22-487f-86c1-8334a730e559
5c76ad4e-4b4d-4f72-a6ef-b277b31b98a1	3b4d6319-fcef-4637-b35a-e3df76321894
3b4d6319-fcef-4637-b35a-e3df76321894	a4038b29-b332-4f13-98b1-1c9709e216bc
666e7791-1d9a-4b51-8c8d-82f4408fb630	95202728-fb55-4aac-a53e-6a8f1553348a
a7f3005b-a3cd-4060-a127-725accb54f2e	dded88e2-f92e-424f-b73e-6ad24a839c51
37b6102b-20e3-4039-b332-84de8d2351ef	2389dfd4-a0c4-4bd2-b7e6-06f465463d22
c7b0c302-6c2d-4ba0-b7ff-106ba2261491	42350cb9-f4ab-4e4c-abfb-b5662f3d14f4
42350cb9-f4ab-4e4c-abfb-b5662f3d14f4	d6a4884e-769d-4b81-8ba5-b64394362d92
c75ff82f-37a9-4aae-bf8b-807e11d92c53	7cd02e03-8f49-48f1-a76a-9d98a14c653f
8254de8e-bd68-4b6b-b4ed-7a635bdac407	9ac356b8-b6cf-4eff-a6a8-208374f262e0
9ac356b8-b6cf-4eff-a6a8-208374f262e0	b20215a9-25fb-4fa6-80a3-42e23f5352c2
dd102a74-7f97-4525-9c19-ffb9037677e7	9ac356b8-b6cf-4eff-a6a8-208374f262e0
3767d89c-b00c-431e-8b0b-b91c8ff26238	a4038b29-b332-4f13-98b1-1c9709e216bc
38e63219-ca99-4f48-b4c2-ca75402fee14	b297e49c-7da4-4bc1-8714-da80fa0758d3
27af9b0f-9ddf-47e2-9103-2f6f72d9ddf7	dd767840-363e-43ad-8835-c9ab516633de
6426d1c5-93c8-4659-85d5-1f0d3368a124	dd767840-363e-43ad-8835-c9ab516633de
a8914bfb-2b86-4550-86c3-6dd55a331012	f4e9e92d-9192-4e17-90c6-553339bc04c3
fa71fba2-a3be-480c-b0a1-359132e67593	1218dda2-9279-4fec-840c-1321cb1a8934
3695b5b0-f11c-49d1-bb56-01c730c86347	cb4c8377-6fcb-4022-a7a1-98395eb50508
b408576b-3910-4599-9cfa-d407184e9067	95202728-fb55-4aac-a53e-6a8f1553348a
70505387-138c-431c-a82d-94ff81f97e18	ba951b09-5146-43be-87af-44075eac3ae9
fe8630e2-cc33-4b72-a180-d1875e860b58	8db04387-9076-4287-ab46-6a6695b593d7
1ea328f0-cf82-4163-943d-8293c0d3c740	a937271d-25d1-4ebc-a2dd-eb94947c2122
900ee60d-32ed-4dba-9834-09f54de01d5d	8db04387-9076-4287-ab46-6a6695b593d7
a3773f5e-f05e-48b0-b79a-46374dabbc30	8db04387-9076-4287-ab46-6a6695b593d7
f1126ffb-e352-4129-bb33-8e4dfdbee9ac	a937271d-25d1-4ebc-a2dd-eb94947c2122
e796e3fb-35ac-420c-bd1b-964eec7d06a6	cb4c8377-6fcb-4022-a7a1-98395eb50508
3cec0ac5-8a19-42b9-9468-fe5e384b3662	940e7a57-171a-4dad-b6eb-e2a5a87c9cec
b62699b6-6963-41f1-8bfd-4db36375e232	693b7a9e-688f-4278-9375-9841f4187b23
bfcbc853-d88d-4d79-9a48-a797a4e59a03	5b7b9532-a775-4bd2-a3aa-6ce380184b6c
eca6eef8-4529-47db-8ba9-daa6305f15d3	c914fd40-dd0a-45c4-a6ff-bce0cda31bde
88b0ec49-b8fc-4fbb-8418-68b88719b8c8	503c5bc7-809a-47b9-83e2-bd0c212dbabb
3506d46e-62d7-4602-93f5-fcb9bb2aade8	e2ca2f1a-0ff3-43ce-b813-16645ff27904
a4822791-855a-4f14-877a-e199b5c58126	dded88e2-f92e-424f-b73e-6ad24a839c51
1c17540f-f4a3-435b-a5b2-5c36e4200be8	78c2148c-a7cd-448b-8105-9f78ded119d1
d376bc0d-6c47-4399-b1bf-d9adefa47df0	37d0fa26-abed-4c74-8835-b3b51ae1c8b2
4d72b9fa-a11a-485e-9c22-8fb426e0feaa	a4038b29-b332-4f13-98b1-1c9709e216bc
286b5fa1-a89b-42a3-bf29-36ef7c326324	e04c9a5c-88e8-46e5-91d9-add405e098fb
f6763092-e959-4314-9d77-acf075fdd22f	b7f57213-4b16-446d-8ded-81955d782680
b7f57213-4b16-446d-8ded-81955d782680	5b7b9532-a775-4bd2-a3aa-6ce380184b6c
c93961e3-7980-4c8f-b318-d4557a16566f	9fb30a53-70fb-4f1c-878b-0064b202d1ba
68eb1698-4302-43cb-abfe-0cea88ca4844	d69977ab-4fb1-4ad6-b379-e967c5b7528b
d69977ab-4fb1-4ad6-b379-e967c5b7528b	8124ead8-8ebc-4faf-88ad-dd5cbcc92ba8
2ae1b18a-142b-41b8-b6b2-5d023a363e07	9fb30a53-70fb-4f1c-878b-0064b202d1ba
6391a4bc-6109-4da4-b311-f78954334969	a44b1c68-807c-45fe-bc7b-a47586617863
a44b1c68-807c-45fe-bc7b-a47586617863	206b7f3a-49b5-476f-af0f-fd27e2a68473
869e0a09-33a3-4db4-a95a-0c27c6234b21	a1e624ed-e268-44ab-ac3f-4d3cb2bb8cb5
e8aba455-679f-4d85-a671-32e5a550211d	4a9ab4d7-0d03-4c61-9e16-47787cbf53cd
0fffa994-b76d-4539-8bf9-2a6c6751580d	20086ead-41fc-49cf-8a62-d4e1126f41fc
21083c28-2138-49a9-9642-becc0cd2b9e8	f9e476ef-654d-41ec-97d9-2b6842d4361d
98636b54-c677-415d-b2b2-255307ea11b8	42e6e5c3-3a06-4a6f-abd4-a4b85d9c6b16
47b6ce42-0bfa-42ee-9ff1-7a9c71ee9727	c58fdadd-7743-46d6-9629-90bb3ccc4ef0
a8bffaae-5c8c-439f-92f0-c9fbf32ce1d9	c58fdadd-7743-46d6-9629-90bb3ccc4ef0
0d76003d-76ba-4af5-a19e-31ab3f8ba689	904cfd73-2707-47b8-8754-5765ec5a5b68
a930add5-b2d8-406b-8368-80b961766f0d	3b1f1d58-dcd5-4d7e-adb6-fcc4c56324d0
253c217e-5d8e-4ec6-acfb-e5165674cac5	e491505c-77ae-45b2-84be-8c94b94f6a2b
d27447bd-86db-4a97-aed1-ac2049431513	dd767840-363e-43ad-8835-c9ab516633de
dad5f9c9-410f-4320-aa14-860ccba2273e	4ad66168-274d-4d83-9195-f4ab0ccc97cb
2f386752-3743-47a8-ae66-110131cf96aa	5b7b9532-a775-4bd2-a3aa-6ce380184b6c
fc8d14fd-8904-4391-a23f-33a61fddaf3b	0398a361-7c0d-49dd-beb3-4e405571f627
8189aedf-2c87-46d4-b913-a598822ce3df	42fdd045-cadf-474b-b8a6-ca20a77c43bb
49f0ada8-39f2-482a-8c90-5de0f99b9f5a	a1e4659c-dc15-48be-bc4f-6c609ae061dc
a2b7ae2a-4e00-47ef-8d13-77e395cce800	13fb7519-c48e-4577-90f8-aaf483fa0c03
b8e50b3d-f507-42e2-96d4-9bdfbd2068cb	95202728-fb55-4aac-a53e-6a8f1553348a
ccfc50f5-e193-4dac-9d78-50b3a8bb24c5	8aa41155-58ff-4d7d-a11a-7e3ef42863dd
71a02800-becf-40d7-a135-1277345ca8a2	efa9782b-a3d0-4ca0-9c92-3b89748175b7
b1c19cf1-7533-480b-97e2-ab4c4812c7fa	37d0fa26-abed-4c74-8835-b3b51ae1c8b2
54758e13-1f51-4413-833c-70254776b06f	a1e4659c-dc15-48be-bc4f-6c609ae061dc
2eb09bb6-b069-4604-a55a-08e6cd46d257	8124ead8-8ebc-4faf-88ad-dd5cbcc92ba8
726973fd-94af-4ca3-9293-82871baab436	9fb30a53-70fb-4f1c-878b-0064b202d1ba
b45bed95-7818-487f-89b3-31e9d8247273	efa9782b-a3d0-4ca0-9c92-3b89748175b7
98012a21-7425-47db-8ab7-38e0f1162fd1	62e08e6f-9161-42c6-b9dd-0cf8fcab2c69
c7b6e458-8f7f-4ad0-a12c-c3bfdfe322b7	25511b5f-2799-4141-9444-d08e9ebc0a8a
8d767f40-a880-4b03-b6bf-c20799d34b97	95202728-fb55-4aac-a53e-6a8f1553348a
6cbc4c56-f412-4116-bd2f-66dfbdcd94ae	ba951b09-5146-43be-87af-44075eac3ae9
197ae5ae-7922-4dba-9104-2b0d78ec472e	c1b4353c-c05f-494c-8f94-10f7c6959287
2a1bd1b1-5025-4313-9e5b-8352dd46f1d6	dded88e2-f92e-424f-b73e-6ad24a839c51
a1848bca-b5f7-4e72-8e88-63e2847d20d4	d69977ab-4fb1-4ad6-b379-e967c5b7528b
06e146ec-c1a3-4a93-b889-9c4d790954d8	a5c88a77-03ba-4100-bd33-7ee2ce602dc8
0fab9131-f877-4286-b4d8-922fbfb402b6	ba3a9702-da22-487f-86c1-8334a730e559
6bb7a2d2-1693-4682-a52c-a17d7fca9c3e	4794066e-e3cc-425e-8cc4-e7ff3edb4c39
8e16dfc3-74b1-41a1-a9bb-219155bccf78	cb4c8377-6fcb-4022-a7a1-98395eb50508
f4f28e9d-2050-45fb-ab76-78c0345670da	cebc01ee-f70a-4397-a552-622e10b62508
8f589b76-f3ee-4eca-adf6-2ad70807ad8c	e491505c-77ae-45b2-84be-8c94b94f6a2b
544a5fe2-b97c-4239-a6be-620469146a8b	495afdb6-47be-4df1-8b38-91c8adb1eefc
073e9067-e0e3-4864-add2-cb2973ed1de0	51efa3dd-e9bc-42b2-aa26-06bf5f543015
5b9686c9-eaf8-48bd-9351-5fac0e721a02	d0f1e5a3-c8f4-4780-8678-994f19104b21
15191831-40b4-4f6e-ade3-e82d7c775afd	503c5bc7-809a-47b9-83e2-bd0c212dbabb
11e420a6-87aa-46e3-a7f0-4c06fd5afe58	668cd623-c7a8-4159-9575-90caac36d4b4
58a37206-69ee-42e2-960d-218c3e759e3d	668cd623-c7a8-4159-9575-90caac36d4b4
2fed9b31-6440-451f-a54b-222f06b4e64e	80cb30f4-0361-49ea-ad84-bc10910318bf
a08b8273-e7f5-472c-b8f1-8fafd2c3ccaf	80cb30f4-0361-49ea-ad84-bc10910318bf
d84fc2a1-9a91-43a3-b8be-4c1eb0a12289	d6dba75a-42bd-4e1e-984c-2bddb6b41951
13afc950-0182-429f-a7c0-e02f1fcb04a5	ff24cafc-c478-40e6-8a5d-754caf3659eb
ff24cafc-c478-40e6-8a5d-754caf3659eb	82730dd2-4ead-4ae6-943b-2c910e758279
2e444a6b-c6b5-4c7b-a66a-d7e059914979	e2ca2f1a-0ff3-43ce-b813-16645ff27904
c41d8580-aab5-4ca5-8215-553120d03a54	cebc01ee-f70a-4397-a552-622e10b62508
a0774926-fa64-4ecf-84aa-1341b638933a	7cd02e03-8f49-48f1-a76a-9d98a14c653f
d14d4855-b62a-4a5b-893f-f5d421838f85	9129d716-365b-44ba-9856-383423fe1e41
3e460ecf-07eb-4a42-af6a-fca0356a548c	13d01427-33b5-4ca4-bf7a-68425f54e236
da0bc015-f8e5-492c-8d81-6fbf9b18947c	33bc0eed-62c7-4b0b-9a93-626c9e10c025
16bb50c0-2ca2-49e9-8b21-088789e66d5e	e2ca2f1a-0ff3-43ce-b813-16645ff27904
d8b83666-c939-48fa-9526-49eb8fe0cffe	1227db39-e321-4439-a514-10e4d1d0e61d
1227db39-e321-4439-a514-10e4d1d0e61d	42e6e5c3-3a06-4a6f-abd4-a4b85d9c6b16
86f769e5-f0a9-4d6c-8fbc-602dd5f13ad8	28262ae3-599c-4259-ae30-3c83a5ec02a1
864fe969-7d5a-4251-b8b5-a50d57be943f	c3bc9a54-2d49-4236-962a-8414c6c33a86
0737968c-68b5-440e-9a45-b5802017234c	3d796637-9c22-4b65-a24f-a01a31586fbb
3d796637-9c22-4b65-a24f-a01a31586fbb	d6a4884e-769d-4b81-8ba5-b64394362d92
42b04c03-bea5-49b6-85ee-19ab21653725	7cd02e03-8f49-48f1-a76a-9d98a14c653f
6c4c443c-2e11-4d25-aa93-2e3a38d9499c	dded88e2-f92e-424f-b73e-6ad24a839c51
60677783-056b-484d-89cf-f22a12d1980a	51efa3dd-e9bc-42b2-aa26-06bf5f543015
be716909-efa9-4c86-a084-6461595aea68	d6a4884e-769d-4b81-8ba5-b64394362d92
1fb9f6f4-973c-4279-8310-2655fe339e1f	42350cb9-f4ab-4e4c-abfb-b5662f3d14f4
e86189f7-d609-44dd-bd00-bdada970e8af	d6a4884e-769d-4b81-8ba5-b64394362d92
00eb9a66-ca33-4515-b425-b01bffc43ff1	ed2ca1f7-5463-4eda-9324-b597e269e242
9177c1ca-76ee-4cab-8aee-8b22efbe4c83	a1e624ed-e268-44ab-ac3f-4d3cb2bb8cb5
4f88ed20-7697-4d64-8562-0fda4e7c4c67	a1e624ed-e268-44ab-ac3f-4d3cb2bb8cb5
ac5d432a-11a9-40e1-bb83-0de26106b9d6	e491505c-77ae-45b2-84be-8c94b94f6a2b
01377da4-3f72-401a-ad3b-9355ec89ee7a	d6a4884e-769d-4b81-8ba5-b64394362d92
107b4fd7-fef4-4a86-9796-2967c95f3f3c	c914fd40-dd0a-45c4-a6ff-bce0cda31bde
0ba27d1c-cfb9-4b0b-a8b9-dc633506096a	f9581ec6-e4d2-4a68-b187-b364d3f90e76
f9581ec6-e4d2-4a68-b187-b364d3f90e76	4a9ab4d7-0d03-4c61-9e16-47787cbf53cd
fa584e4c-8be1-418c-babe-1e3e0c64ebee	5b7b9532-a775-4bd2-a3aa-6ce380184b6c
457ca0a6-6532-41a8-85a7-b063bf1db08b	18cb575a-45a0-4ab8-8bff-12c48a2ee8d4
cdff65df-d830-4337-9450-d5f1888e0361	76af3d10-f1ff-4129-aad9-7c69edf7bb60
68cc0b3c-7f80-4869-9dc7-b2ceef5f4f08	8aa41155-58ff-4d7d-a11a-7e3ef42863dd
56b3b4d6-7124-4c7f-8d21-432c93691728	65666cdf-b177-4d79-9687-b9c32805e450
65666cdf-b177-4d79-9687-b9c32805e450	5b7b9532-a775-4bd2-a3aa-6ce380184b6c
a75f9c24-fdeb-4aaa-ac48-23e1247951b3	65666cdf-b177-4d79-9687-b9c32805e450
58747b8d-6bf7-4470-8f71-c3568132bba2	b29cf14b-54c6-402c-a9f0-77218602d1af
92c89e09-9814-410d-b8e1-fdb86e4b3be1	5dc8d0fa-0c04-4066-9ecb-2e262d6d878f
5dc8d0fa-0c04-4066-9ecb-2e262d6d878f	b20215a9-25fb-4fa6-80a3-42e23f5352c2
76aa7090-5f26-40a1-8cb1-78a299b4a99a	637f0195-79ef-44b6-8cac-8a23cc0d0975
637f0195-79ef-44b6-8cac-8a23cc0d0975	695dc6f2-27cc-4d8b-adc4-8d07c2bff748
386180ca-4219-478e-8b80-a271dd5ce5f2	28262ae3-599c-4259-ae30-3c83a5ec02a1
aaeb7f58-d410-4c42-8775-05b0bdeceeea	dd767840-363e-43ad-8835-c9ab516633de
5f1f5537-e9e6-488d-85f6-bd91327987ec	d0f1e5a3-c8f4-4780-8678-994f19104b21
b1f50b85-b576-4273-95ef-49b80825a882	62e08e6f-9161-42c6-b9dd-0cf8fcab2c69
6416e4e0-c0c1-457a-8337-4bf8ed9d5f80	33bc0eed-62c7-4b0b-9a93-626c9e10c025
587fd3ee-c009-4a49-8b30-557300c55bd1	ba951b09-5146-43be-87af-44075eac3ae9
df0bf539-3c18-48d2-ac72-8d811369c9ae	0398a361-7c0d-49dd-beb3-4e405571f627
f34e6a61-d245-4dbb-824a-9cfdf0cda873	4919a97c-3249-496c-8485-b7c8d36d6ef0
fd1ec2a5-b65a-4679-92a3-8f3f49c02008	c3bc9a54-2d49-4236-962a-8414c6c33a86
d44bcec9-4da8-4fa4-b548-993a826c5327	13fb7519-c48e-4577-90f8-aaf483fa0c03
e09f83b0-a87b-4012-af78-a604d880cea9	65666cdf-b177-4d79-9687-b9c32805e450
ca3c2e22-9ba0-4163-b4a6-7dbf355b9846	25bc1af0-33df-40be-a668-d9b05d1dd3e4
25bc1af0-33df-40be-a668-d9b05d1dd3e4	ff00b8b2-dcdb-4659-93c2-291c9be354f3
48884dec-6f44-43b2-ae45-9392ff604959	82730dd2-4ead-4ae6-943b-2c910e758279
e4335adc-5dc3-47c0-bb27-4998792212eb	206b7f3a-49b5-476f-af0f-fd27e2a68473
426bf4a1-865b-4e4a-81ef-b2abeab6a39d	e04c9a5c-88e8-46e5-91d9-add405e098fb
394b93e1-eeb7-421d-91e1-c478cc3d635e	db605204-0f03-441b-837f-16613c6b3f8f
a8db9a70-1365-4611-a754-ed5dcfe6fac4	9fb30a53-70fb-4f1c-878b-0064b202d1ba
b5350a91-6d42-4eb1-9eff-d11460180137	3d796637-9c22-4b65-a24f-a01a31586fbb
b1163697-9b00-44cb-861b-101e541e2ce5	c2d5f70c-5cec-4618-9e96-7083d8335ba5
4e213ab1-486c-4d80-ac11-2e15fef8976f	7d67047c-bf22-4c34-b566-b46d6973f961
dd696d59-982a-4e51-90e2-461d8061fcbc	3d796637-9c22-4b65-a24f-a01a31586fbb
6bf58181-7ebe-4599-8a93-281f9b7af810	20086ead-41fc-49cf-8a62-d4e1126f41fc
906b4bbc-e7e4-416c-bd42-a50b7d5f9574	c23e2747-a59e-476e-be65-2add5c896f13
b2bb17ba-4bbb-42b6-9439-432b487f3830	f37542ca-a728-42dc-aaa2-801b03daba33
91fd5145-255f-4525-ae99-1f5f9abe9a49	95202728-fb55-4aac-a53e-6a8f1553348a
200ed049-9820-436f-ae39-a50061243d1a	a8bffaae-5c8c-439f-92f0-c9fbf32ce1d9
999f9fbe-3c21-4c53-8801-2c20bb130d28	25511b5f-2799-4141-9444-d08e9ebc0a8a
2687579f-e20c-43cb-af77-f3d002951747	da0bc015-f8e5-492c-8d81-6fbf9b18947c
e6017952-1324-4e3c-98d4-226ac0492a03	dd767840-363e-43ad-8835-c9ab516633de
9206c81a-ab48-4325-b309-1a4e7471bd7e	dd767840-363e-43ad-8835-c9ab516633de
5af6180c-d5db-4cc1-a68e-7bd066908132	20eb4e84-98ee-404b-a4bd-fe8a36d5d71d
431a7fac-a2e8-4ffc-8fc7-bab10fc5e6d4	20eb4e84-98ee-404b-a4bd-fe8a36d5d71d
0f92387b-f477-4592-85e6-0742f3fcf696	47b6ce42-0bfa-42ee-9ff1-7a9c71ee9727
714bc7d1-afb0-4e10-9558-268da5dbbbba	90e8a226-8d40-4c1f-91e4-36a712b34e57
5c5e40c7-6e46-4997-956b-bc4b7d5e121c	3d796637-9c22-4b65-a24f-a01a31586fbb
7c1c4dbe-d925-4071-965f-8779d504bd47	3d796637-9c22-4b65-a24f-a01a31586fbb
7f398764-7f69-4978-8029-373a823ded67	c23e2747-a59e-476e-be65-2add5c896f13
acd7834d-1a21-4ea7-a208-bec78ec941d8	c657bea7-3b82-4103-9d7c-8d9725f87ede
b82fdbdb-275e-4d84-b17a-390061b6c309	c657bea7-3b82-4103-9d7c-8d9725f87ede
738e53f4-97df-4d9e-a2f1-8f733d526d84	c657bea7-3b82-4103-9d7c-8d9725f87ede
d48ad4df-f65a-4386-b041-ff4f936ac546	95202728-fb55-4aac-a53e-6a8f1553348a
cb162b48-ae42-4c51-9497-7df37e1f5320	d949275c-88f8-4623-a44b-eb3706651e10
104ee859-8278-406b-80cb-5727373e0198	a5c88a77-03ba-4100-bd33-7ee2ce602dc8
66cc145f-9dfd-47db-bb98-457a61668d14	27af9b0f-9ddf-47e2-9103-2f6f72d9ddf7
268c139d-8d58-43ed-85f4-19c511e283e7	e491505c-77ae-45b2-84be-8c94b94f6a2b
729ce50a-2439-430e-bbd6-ea6f970ea4bf	c3bc9a54-2d49-4236-962a-8414c6c33a86
902af4ff-4a3b-4860-932a-f7d9a47c337e	1423ec9f-d62c-40f7-b10e-a2bdf020d8b7
1423ec9f-d62c-40f7-b10e-a2bdf020d8b7	206b7f3a-49b5-476f-af0f-fd27e2a68473
c7fded2a-fedc-4977-be5d-efd4f6a34a73	37d0fa26-abed-4c74-8835-b3b51ae1c8b2
75d02e8b-e382-4d0a-933b-bcae70a577dd	6df55cf4-d25c-41d2-aec9-824c67a9eb51
02b042bb-b875-4362-ba13-41cbfb70f242	b20215a9-25fb-4fa6-80a3-42e23f5352c2
e33ce727-bb6b-47a2-894b-b7174cb7faee	e491505c-77ae-45b2-84be-8c94b94f6a2b
8c9eb069-4c80-4200-a661-99fece37c52e	51efa3dd-e9bc-42b2-aa26-06bf5f543015
dcdd3946-113f-4a14-88df-9b5915ecae0c	3afd1d79-597d-4f97-bc7a-83766dcab2f4
62fcbba5-3a75-4d15-85a6-d8a80b03d57c	dded88e2-f92e-424f-b73e-6ad24a839c51
e8f17408-2d81-468f-aad8-7486a05cd0bf	a28530a2-b0a3-46f9-89b9-3d98fc18e39d
4601a835-042a-4e96-afcc-fbf6a40bb9c6	f7071a5c-d6dc-4f2e-b83d-83414ae15536
f7071a5c-d6dc-4f2e-b83d-83414ae15536	4a9ab4d7-0d03-4c61-9e16-47787cbf53cd
e08f3bc0-8522-4104-b90f-e21db4af56fb	4a9ab4d7-0d03-4c61-9e16-47787cbf53cd
5bddffb2-a17e-4933-a3c5-50e90c7869b8	e4b9e05a-6c04-4e18-945f-4584c08c4628
2c318ae7-511d-4fcb-8c19-7ff0e355b5a9	51efa3dd-e9bc-42b2-aa26-06bf5f543015
76c256d5-0cfe-4a43-b80f-598922195d13	13d01427-33b5-4ca4-bf7a-68425f54e236
0366b522-dd0d-41f9-a72f-54a68ae0256d	3b1f1d58-dcd5-4d7e-adb6-fcc4c56324d0
10cdffc5-6704-4635-b52b-536f08bdb9a4	84a394d2-b388-4e4e-904e-136ca3f5dd7d
e5f07ff7-b491-4d9f-9106-92aa276ee728	b14a6778-60a2-483a-924c-774d1040cbf4
682af17f-bb27-47f5-8775-9040cf06984d	b14a6778-60a2-483a-924c-774d1040cbf4
03c31099-1b0d-41ec-834d-2460a7e2992b	940e7a57-171a-4dad-b6eb-e2a5a87c9cec
df68fd4e-8e6f-4473-a24a-6033d65fb1d0	20eb4e84-98ee-404b-a4bd-fe8a36d5d71d
1b8de292-b0d4-414c-a54e-75c6e11023f3	3d796637-9c22-4b65-a24f-a01a31586fbb
fe6904d9-2190-48c9-a89a-7976803674b0	2dc353bf-d481-4c81-9f8f-25e1d4bc5da9
84630bce-4c1c-4406-a38a-e8c41967b8f7	f4f8cd96-0d45-49fe-8996-c82154b168ee
3894b4d1-bb7f-4c3d-a680-c904ccabd91e	e48ab80a-de80-4e83-bf59-26316856a5f9
73b7b256-23d8-49cb-a234-242c84f5198d	ef67434e-e406-4b3f-ad51-65e08cbdd291
ef67434e-e406-4b3f-ad51-65e08cbdd291	51efa3dd-e9bc-42b2-aa26-06bf5f543015
f0ef5339-63d9-4549-9e17-a4372f8c0477	792441e6-9c05-4991-beb6-9970d15a5acd
792441e6-9c05-4991-beb6-9970d15a5acd	3e4df71e-474d-4a40-bd6a-b3072affa151
b376d700-3928-4540-b216-683dd39fb75c	db605204-0f03-441b-837f-16613c6b3f8f
d2110172-5fff-4b7f-ba21-a317908e7bcf	a34518fb-c418-45da-8551-888ca8bdedd6
e74af48a-a39f-4cfc-b735-cbb0c7f84c16	b4e41212-77b8-44ba-8fb5-6aa479b20d36
090c16bc-7b3e-42cd-b93c-645ab43fae30	f4e9e92d-9192-4e17-90c6-553339bc04c3
bcb4bdf3-5807-4421-a427-7dfe78d5f6d5	1a26ae19-00f2-4be1-b9b6-aa72876a0278
a725e228-1680-4d82-a1bf-e3e5b8fe20e1	25511b5f-2799-4141-9444-d08e9ebc0a8a
962df1ac-da3c-4bbc-9cc7-b24df055f543	3b4d6319-fcef-4637-b35a-e3df76321894
d762d126-be4c-471d-88f3-6becd8d08e43	e3147d4f-4bd5-4a14-a386-4ba7ccb058b4
3564cf4e-506c-42fa-bdd3-e95e7908645f	24e91c04-21cb-479a-8f23-df0eaab31788
03fa6720-7d9e-4ecb-8afc-3b1f44c9e9f0	5dc8d0fa-0c04-4066-9ecb-2e262d6d878f
edb9b4a6-b804-4348-beee-81827c86bf0b	a5c88a77-03ba-4100-bd33-7ee2ce602dc8
656ce189-8363-4dff-83f7-d817f9554a4f	e3147d4f-4bd5-4a14-a386-4ba7ccb058b4
3bc4ec93-fd86-4c66-98d0-7623cbbaa6be	a5c88a77-03ba-4100-bd33-7ee2ce602dc8
0990f0d5-b8d9-431b-b252-66ab664acf1b	695dc6f2-27cc-4d8b-adc4-8d07c2bff748
4d4b14d5-be3a-4ac9-b755-59d6c951c09d	3b1f1d58-dcd5-4d7e-adb6-fcc4c56324d0
d1e5dcf5-5f36-4838-bcb6-f0068eddb8a7	dbbf7f4d-78aa-46ac-8e67-d937fe9a8c69
cd9cbe35-fa63-489e-8b53-20160a5033af	dbbf7f4d-78aa-46ac-8e67-d937fe9a8c69
8b69ade0-a545-4dae-b31d-577943ec0871	3e4df71e-474d-4a40-bd6a-b3072affa151
5d0b158c-7c31-41f8-84ae-8e4e950c1f0c	b20215a9-25fb-4fa6-80a3-42e23f5352c2
88c55513-b473-4627-a856-6ae95b6b4e08	8124ead8-8ebc-4faf-88ad-dd5cbcc92ba8
8ad140ec-4784-483b-82a1-326f91bd29ff	3d796637-9c22-4b65-a24f-a01a31586fbb
e699a773-e089-4167-9e92-2c5096b720f5	54758e13-1f51-4413-833c-70254776b06f
b9cc1cf1-73a6-4855-9da6-25b6b763589e	d6dba75a-42bd-4e1e-984c-2bddb6b41951
49d68792-3e03-47de-9e41-42bef1fa923c	7cd02e03-8f49-48f1-a76a-9d98a14c653f
a47819ad-9f57-4976-ac7e-f1586553d3e7	bf3906da-359c-4366-9e1b-2e5b5334167e
47fbdb87-b4ff-432a-a4cf-a2f2468ff6d4	5af6180c-d5db-4cc1-a68e-7bd066908132
2b15ade6-cfcb-4088-bcde-0ab4e29c26ac	62e08e6f-9161-42c6-b9dd-0cf8fcab2c69
1f21cce7-fc86-433c-a79b-1a4f0acb5a3a	e491505c-77ae-45b2-84be-8c94b94f6a2b
c27bc8d5-f29e-456e-86d2-b52979728dc2	0398a361-7c0d-49dd-beb3-4e405571f627
03cfc876-f08b-46e1-94eb-81e6e728b1b0	f3f4b5d3-49c4-487b-bd5b-be75f11ec8c5
c8fec9a9-94e0-4d5e-b317-fc926d5e7b1c	4ad66168-274d-4d83-9195-f4ab0ccc97cb
6949bbe9-60c0-4782-9cdf-873db42514d3	cebc01ee-f70a-4397-a552-622e10b62508
45c29c6b-1bc4-4b3b-af9d-0d05e019269d	e491505c-77ae-45b2-84be-8c94b94f6a2b
761b3ded-bc40-498e-8964-d31c9664970a	e491505c-77ae-45b2-84be-8c94b94f6a2b
c50bd0f5-3077-43cc-8500-8e68b67c8b79	8124ead8-8ebc-4faf-88ad-dd5cbcc92ba8
e856b21f-4123-44b7-9ef8-7754d2981cd5	42fdd045-cadf-474b-b8a6-ca20a77c43bb
5b021981-2999-4da1-9a4e-03c64b70168c	dd767840-363e-43ad-8835-c9ab516633de
1da20ae5-526d-4313-b93d-fed4491f8ed8	5984199c-d85c-4ffc-b13a-c5f2482d2258
277fd1ce-61c3-46a4-9172-3101fda02111	5984199c-d85c-4ffc-b13a-c5f2482d2258
9bedcc51-0f02-4310-ad19-fa54338912e1	d74faafc-781d-4087-8e0c-be4216180059
17b10a3e-2530-49cc-8cf6-1e002458b0b0	ba951b09-5146-43be-87af-44075eac3ae9
b81cdc67-a2e5-4856-89a8-748d3e5ad58f	272308f4-05c8-4d0d-abc7-b7c2e3ccd249
5ca3d8df-468a-4e07-a718-7e5b22a9f715	272308f4-05c8-4d0d-abc7-b7c2e3ccd249
ba6c4d92-b050-4b9a-8a52-e72247951d29	1bc7e8d6-e609-489c-b215-1c318b0b40bd
1bc7e8d6-e609-489c-b215-1c318b0b40bd	28262ae3-599c-4259-ae30-3c83a5ec02a1
86db0cbd-a1f9-4218-b571-ca0550265e33	f9581ec6-e4d2-4a68-b187-b364d3f90e76
99dd7843-4520-4df9-9d47-b2a9aac96981	d6dba75a-42bd-4e1e-984c-2bddb6b41951
912584b4-d8a1-447c-aa63-45d692d7ac32	ff24cafc-c478-40e6-8a5d-754caf3659eb
b2fa241b-d407-427d-9c00-3cb3b1b240e9	efa9782b-a3d0-4ca0-9c92-3b89748175b7
f8b6d54b-cc94-4b32-aac4-8cd344087407	092348a4-b896-4f8f-a0dc-e6d4605a4904
057f67af-e7f6-4698-8592-681e87c42a8a	3d796637-9c22-4b65-a24f-a01a31586fbb
c858776d-6763-4071-9d30-1804f31c5dca	a5c88a77-03ba-4100-bd33-7ee2ce602dc8
6eff5cae-d700-42a4-8812-dae6e246faed	d74faafc-781d-4087-8e0c-be4216180059
a4d954b4-3a64-488c-a0fc-fa91ecb8cf2b	092348a4-b896-4f8f-a0dc-e6d4605a4904
0ee0e4df-7b06-47e4-8f1c-242603e16577	092348a4-b896-4f8f-a0dc-e6d4605a4904
a1c6c263-e4ef-4b96-b82f-e070ff157367	35f5b496-add7-4263-8084-8510461881fe
35f5b496-add7-4263-8084-8510461881fe	8aa41155-58ff-4d7d-a11a-7e3ef42863dd
71e4a0c3-41fc-43e4-9f4c-e3702a34d227	51efa3dd-e9bc-42b2-aa26-06bf5f543015
51b699cf-d4dc-488c-a87e-070560d37791	29480b00-dc4d-49a0-b48c-25dda8569325
ccb40a29-34ca-4a4c-b4ea-a78279047774	29480b00-dc4d-49a0-b48c-25dda8569325
9ff134bb-d201-441d-a485-5fe8b65ad8a4	29480b00-dc4d-49a0-b48c-25dda8569325
4d18c236-0124-4083-b39d-8da5226fa5c9	25bc1af0-33df-40be-a668-d9b05d1dd3e4
55e8ea89-9ba8-4439-a703-7d26723a4ec0	092348a4-b896-4f8f-a0dc-e6d4605a4904
07160f26-9be6-4c30-93d5-f4017ea21284	13d01427-33b5-4ca4-bf7a-68425f54e236
4b9f1f6f-0c16-4a99-94e5-e58a3fba461f	e491505c-77ae-45b2-84be-8c94b94f6a2b
e190334d-ba97-4f70-b74e-acc9f43bf66b	fa13521f-9285-45b0-bd65-4a472a8037e7
fa13521f-9285-45b0-bd65-4a472a8037e7	ba3a9702-da22-487f-86c1-8334a730e559
b19e0be5-22a3-4d79-b693-e42d7f3a608f	30ba2d05-d0d6-4978-a5d6-707511894111
a1119685-ffef-4417-a3e4-116014ad4523	8aa41155-58ff-4d7d-a11a-7e3ef42863dd
7c4cf197-2dba-4a82-83e2-6c8bb332525c	6acc9db4-780e-4a46-92b4-1812e3c2c48a
377d3d35-4bc8-45a5-99be-d0ac4f25437f	c71f6a1e-2bcd-407e-b0da-6728cb55e4db
c71f6a1e-2bcd-407e-b0da-6728cb55e4db	84a394d2-b388-4e4e-904e-136ca3f5dd7d
8758d11e-3c6f-4b81-99e6-791a99e44363	8aa41155-58ff-4d7d-a11a-7e3ef42863dd
2c62f8f9-7fec-4623-a6ff-a7ecf3057051	5c76ad4e-4b4d-4f72-a6ef-b277b31b98a1
4dae005c-26cf-4ae7-96f8-70c3f75b38a7	42350cb9-f4ab-4e4c-abfb-b5662f3d14f4
598b403a-b16d-470e-acca-74b7e1d2ed3f	efa9782b-a3d0-4ca0-9c92-3b89748175b7
82e9e133-20aa-424d-bc61-f30b29e2d05b	a4038b29-b332-4f13-98b1-1c9709e216bc
7d04af85-f92c-45d5-9472-d2d290f49513	c1b4353c-c05f-494c-8f94-10f7c6959287
cf1a5c02-ed35-48f3-9e17-c702cc23ea92	a28530a2-b0a3-46f9-89b9-3d98fc18e39d
a923f233-d230-45a7-991a-24e175c9e684	e04c9a5c-88e8-46e5-91d9-add405e098fb
7c96a678-25a6-40f3-a170-ce63f9174d00	e04c9a5c-88e8-46e5-91d9-add405e098fb
756613a3-522d-4402-beb9-532b5708ba74	ba951b09-5146-43be-87af-44075eac3ae9
0133b1b3-9ecd-48ad-b226-538b46a17ff4	d0f1e5a3-c8f4-4780-8678-994f19104b21
56b78356-c7bf-4460-8775-d04b590ec7ca	aaeb7f58-d410-4c42-8775-05b0bdeceeea
c428fe9a-2726-4630-8d4e-fc656236cf20	1e6ec387-71d7-42d2-ad15-28adc5e1a172
1e6ec387-71d7-42d2-ad15-28adc5e1a172	0398a361-7c0d-49dd-beb3-4e405571f627
06f00af6-3c5a-48bc-ba62-c91d11ad0836	0398a361-7c0d-49dd-beb3-4e405571f627
4de9ea0e-0203-4d10-a449-45aa5a697514	30ba2d05-d0d6-4978-a5d6-707511894111
fd64b5ec-ac60-47fa-8d29-ceced4444b3c	b297e49c-7da4-4bc1-8714-da80fa0758d3
6dc91505-fdbd-4b6b-9bd5-fef3dc8baf42	ba3a9702-da22-487f-86c1-8334a730e559
02c56357-8b05-4291-aaf7-fb228d5dcf7b	b7f57213-4b16-446d-8ded-81955d782680
0f5a550a-39ad-4a60-b1e8-c93bd173dd62	9fb30a53-70fb-4f1c-878b-0064b202d1ba
46d01d88-d6ef-4eb9-aa44-1992c1deacb8	1e6ec387-71d7-42d2-ad15-28adc5e1a172
2a101a76-32c5-4781-8cec-85e65a95c041	42fdd045-cadf-474b-b8a6-ca20a77c43bb
85f606cf-741b-4aa3-8480-f92fcce7b3b8	ccb77bcc-56b4-419a-b5ce-f7c2234e0546
1fd4f85d-83f0-46ec-878c-019967490c58	28262ae3-599c-4259-ae30-3c83a5ec02a1
6b34b0b7-abe9-4877-88da-2ff59074f511	24f22965-542e-4ed0-82fa-2e54ca95b35d
e14845ba-fdad-478d-b1ce-a74111132671	42350cb9-f4ab-4e4c-abfb-b5662f3d14f4
d2cf4a8f-19b7-4749-bd4e-f8a40a1369a7	42350cb9-f4ab-4e4c-abfb-b5662f3d14f4
15492103-227c-47c4-bb98-0380458b81df	ba951b09-5146-43be-87af-44075eac3ae9
d5236abc-dbf3-4d6a-bba6-e89aceb9264b	ed2ca1f7-5463-4eda-9324-b597e269e242
8f37d5c2-47d8-479d-837d-6db44714277e	4133cff8-c12d-49eb-8c1a-31ec179a0dbf
c359fa76-88ff-4298-817e-5cf974473853	431a7fac-a2e8-4ffc-8fc7-bab10fc5e6d4
02a5bdc0-9a62-4286-9128-c923845fa1c5	a4038b29-b332-4f13-98b1-1c9709e216bc
db5233ee-216a-4969-909a-147719a27af0	0398a361-7c0d-49dd-beb3-4e405571f627
c195d3e6-5924-4def-b1c2-24a685a0b210	35f5b496-add7-4263-8084-8510461881fe
8ce85f33-03ba-4e30-bf85-8a485c32fb30	30ba2d05-d0d6-4978-a5d6-707511894111
d6ecea97-16a9-485b-ad56-fa9c2dc75df7	689bb0dd-bd50-42e0-9195-cfb020bc3ee7
66acfe61-6c51-4cd9-90e0-34e47358020c	b14a6778-60a2-483a-924c-774d1040cbf4
ff0e8e1f-4dea-42ff-b1d5-f1ae37807af2	aaeb7f58-d410-4c42-8775-05b0bdeceeea
2682bef9-0963-43e3-8610-30b31ec1c4d0	27af9b0f-9ddf-47e2-9103-2f6f72d9ddf7
6d0d07e8-a3f8-4ccb-8311-553a68947acf	42fdd045-cadf-474b-b8a6-ca20a77c43bb
b0796445-6b5b-4110-9808-459287a89cf2	8953ca7a-ed45-49a9-93af-87d55e69f910
8953ca7a-ed45-49a9-93af-87d55e69f910	695dc6f2-27cc-4d8b-adc4-8d07c2bff748
838708d9-324f-4342-a084-ecf8eaac4bad	a34518fb-c418-45da-8551-888ca8bdedd6
aee2e8b8-bc23-455d-adad-ed4df14f07fc	a34518fb-c418-45da-8551-888ca8bdedd6
981bbe5a-3b03-4d06-b15a-c8fe297381c9	a34518fb-c418-45da-8551-888ca8bdedd6
1f3d1ae8-aba7-4e02-abbc-6b54e6ff66aa	a5c88a77-03ba-4100-bd33-7ee2ce602dc8
35e19b12-3e76-48c7-8b39-4214c28a1a2a	ed2ca1f7-5463-4eda-9324-b597e269e242
e6e60c46-26da-49b6-8f43-c77f2e27d1f0	d7c7489a-07f4-4c3f-af97-acacff6619ef
d7c7489a-07f4-4c3f-af97-acacff6619ef	4a9ab4d7-0d03-4c61-9e16-47787cbf53cd
41d3523d-34c4-445f-80c8-d429663cb184	a5c88a77-03ba-4100-bd33-7ee2ce602dc8
e883852d-03e7-4490-96d2-7646e82e7745	3d796637-9c22-4b65-a24f-a01a31586fbb
eaae8f5b-8f16-48cc-94f2-45191a49b274	a8bffaae-5c8c-439f-92f0-c9fbf32ce1d9
bce0ea5a-c737-48fe-9bd4-4a76da4e458d	9f5f3106-7145-4f30-a2d5-e3ac1b002289
9f5f3106-7145-4f30-a2d5-e3ac1b002289	84a394d2-b388-4e4e-904e-136ca3f5dd7d
3d9346ff-57d9-49db-bc49-f42e2101ca79	ed2ca1f7-5463-4eda-9324-b597e269e242
ac7b8472-5d09-4679-9551-87847b0ac827	dded88e2-f92e-424f-b73e-6ad24a839c51
72aed311-e76e-4b4e-88db-e14d8bedbee1	42e6e5c3-3a06-4a6f-abd4-a4b85d9c6b16
ee1214e7-d14d-4975-9e08-b304642ab112	092348a4-b896-4f8f-a0dc-e6d4605a4904
c2f971d6-e0b4-4b00-87a4-074d6c96b2c9	42e6e5c3-3a06-4a6f-abd4-a4b85d9c6b16
aa0a52d8-72e3-4901-bdcf-f91ac3fa9b1e	5984199c-d85c-4ffc-b13a-c5f2482d2258
779a3cc9-2c75-43b9-abc4-435a5cdb5cdc	d7c7489a-07f4-4c3f-af97-acacff6619ef
584eeb89-a08e-4a93-a5ac-3540bada1c23	d949275c-88f8-4623-a44b-eb3706651e10
7b9b52f3-e403-4844-b22b-879daf1cc776	29480b00-dc4d-49a0-b48c-25dda8569325
55f1135f-2b81-440f-9d5b-52f593f4b9ad	82730dd2-4ead-4ae6-943b-2c910e758279
f050ce66-7f5d-4114-bf4b-fe7987561ccc	4a9ab4d7-0d03-4c61-9e16-47787cbf53cd
0c46aba4-1986-4574-b957-734c6d104546	4ad66168-274d-4d83-9195-f4ab0ccc97cb
58244357-ef02-4431-907c-415d65de8e76	4a9ab4d7-0d03-4c61-9e16-47787cbf53cd
79f8bd1c-1ac1-4bd2-b487-3cf2ac1ac331	4919a97c-3249-496c-8485-b7c8d36d6ef0
7d9a81dd-c0f9-479f-b048-a4111f1e74ec	3bc4ec93-fd86-4c66-98d0-7623cbbaa6be
6720acc7-14c8-42ba-890c-dfe97db4249d	86f769e5-f0a9-4d6c-8fbc-602dd5f13ad8
d3b9b84a-ec8e-4b80-9058-ef20891fe837	104ee859-8278-406b-80cb-5727373e0198
43058b66-be0c-4bf5-bb87-0844b7374272	84a394d2-b388-4e4e-904e-136ca3f5dd7d
492484cf-41a2-4297-bad3-95e643198cfe	4919a97c-3249-496c-8485-b7c8d36d6ef0
29dbee2a-5865-489b-860f-7eef54a5165a	dded88e2-f92e-424f-b73e-6ad24a839c51
d03f25cd-990e-4883-8ca4-9434b145eb8d	fa13521f-9285-45b0-bd65-4a472a8037e7
d42da535-63de-4c5f-85fe-db2b3aff9f48	1bc7e8d6-e609-489c-b215-1c318b0b40bd
a5db2720-b993-4920-b1c9-cd1014fde5a5	dbbf7f4d-78aa-46ac-8e67-d937fe9a8c69
23469a75-889a-47cc-a216-2d2096ab847c	5984199c-d85c-4ffc-b13a-c5f2482d2258
ce8f2272-2a01-4c0c-850e-b824f5fe823d	58bebb74-fae7-4c97-878b-61ff543d9d12
ac4c872a-5850-4cdd-aff8-45daf0d6d229	c2f971d6-e0b4-4b00-87a4-074d6c96b2c9
7d0d99a7-ab3f-4581-a452-f04c2f598d2d	6e85c12f-f52b-41b3-93ad-59e5f19d64f6
e3cb8b57-6331-419a-b344-7a8148d561cb	1a26ae19-00f2-4be1-b9b6-aa72876a0278
645d4bd6-84a2-49e0-bc38-f0d5459f583e	30ba2d05-d0d6-4978-a5d6-707511894111
c7dbc2d2-d070-4315-952a-fb77faa78021	5b7b9532-a775-4bd2-a3aa-6ce380184b6c
46f0975c-86c4-4599-aeb0-e465a546c005	1227db39-e321-4439-a514-10e4d1d0e61d
89986487-07c1-4791-9f42-17d9d355583e	272308f4-05c8-4d0d-abc7-b7c2e3ccd249
60dac5ef-1ca0-42ed-aa57-d0a9082a6101	f37542ca-a728-42dc-aaa2-801b03daba33
65c540b3-0b1d-424e-8869-4f23a254235d	d69977ab-4fb1-4ad6-b379-e967c5b7528b
efe1b041-42dd-4eb5-afdc-18e6ed877249	e04c9a5c-88e8-46e5-91d9-add405e098fb
54e4169c-2ccc-411a-9736-ff7ec65927f5	8aa41155-58ff-4d7d-a11a-7e3ef42863dd
339e31d9-378c-419d-9e78-84e33c8a5e41	d6af3ac9-e252-4e13-a673-405125797219
f40880fe-982a-469f-b0cb-248d06d7c7e7	86f769e5-f0a9-4d6c-8fbc-602dd5f13ad8
2f4d2d6b-e023-4933-bfdf-a23537783f20	35f5b496-add7-4263-8084-8510461881fe
374b4837-cf2a-4529-a7f1-559d92b3d90d	d0f1e5a3-c8f4-4780-8678-994f19104b21
66f7bd95-7e8b-4f33-ad7f-77a13ae92d49	ba951b09-5146-43be-87af-44075eac3ae9
701c759c-af71-4521-8ee4-6a9300aa1909	c419f70a-0986-4f55-b766-3a19216a3e5a
c419f70a-0986-4f55-b766-3a19216a3e5a	9949c2c1-ff96-4b4f-b584-c700e316c9de
c1306fc1-117b-477b-acd4-20f3dcf98534	84a394d2-b388-4e4e-904e-136ca3f5dd7d
f5f2d57d-8381-4566-a983-c5df615d7647	3d796637-9c22-4b65-a24f-a01a31586fbb
cbf65210-01e2-4761-b2af-31455ac6010c	3d796637-9c22-4b65-a24f-a01a31586fbb
4834c569-0259-413c-960b-dccb274fff51	3d796637-9c22-4b65-a24f-a01a31586fbb
13bba81c-b2b1-4b13-a3de-b24748977198	5a9e6b26-ae64-4129-93ee-968028381e83
5a9e6b26-ae64-4129-93ee-968028381e83	206b7f3a-49b5-476f-af0f-fd27e2a68473
94202603-1c71-4daa-9568-d180fb9bb13e	4919a97c-3249-496c-8485-b7c8d36d6ef0
735f4865-8b48-4ea8-99c2-94f121839367	e491505c-77ae-45b2-84be-8c94b94f6a2b
806df5bb-d913-4ae9-b68e-e7d8a6e740f5	02b042bb-b875-4362-ba13-41cbfb70f242
64aa6eec-48b5-481d-9131-9c8b6326eea1	23265b25-7ec3-4960-8517-4ff8d4d92cac
c1ef5274-d19b-4921-8d5e-aa4d3f52b252	693b7a9e-688f-4278-9375-9841f4187b23
92eff2d8-2f90-44d5-aec3-1ef1354826b6	42350cb9-f4ab-4e4c-abfb-b5662f3d14f4
e626b2fd-203e-4e2e-b8a5-121896ae22e7	5af6180c-d5db-4cc1-a68e-7bd066908132
36c7772d-f1ef-4506-a9af-be366bf49af4	d0f1e5a3-c8f4-4780-8678-994f19104b21
8f5feade-aa1e-476b-8acc-84103b24d51e	02b042bb-b875-4362-ba13-41cbfb70f242
1de432b7-2331-4450-9667-374d56e7f084	dbbf7f4d-78aa-46ac-8e67-d937fe9a8c69
17a45117-157f-4b32-98eb-3a1a8933a344	62e08e6f-9161-42c6-b9dd-0cf8fcab2c69
70f0f726-9894-49c2-ad9f-14d59ac70311	e2aac912-93c5-4b19-bd3d-9c12676e985c
d865075a-4130-4719-b56a-110673cf660a	66acfe61-6c51-4cd9-90e0-34e47358020c
79d0727b-4beb-4a61-8cfe-20a8a54b166a	51efa3dd-e9bc-42b2-aa26-06bf5f543015
12be2e2c-505b-412d-bff1-ba301465c116	28262ae3-599c-4259-ae30-3c83a5ec02a1
46b7fa4a-0282-48e7-ad7c-92929510ae15	e3147d4f-4bd5-4a14-a386-4ba7ccb058b4
f4e08965-70f8-40ca-88bb-84ee0094f714	13d01427-33b5-4ca4-bf7a-68425f54e236
39e60ce9-5b21-49e9-919f-2cf3ffa4b075	18cb575a-45a0-4ab8-8bff-12c48a2ee8d4
7d8a5648-852c-4d5c-9bd6-1e87a480f8cc	4d72b9fa-a11a-485e-9c22-8fb426e0feaa
e6e7bd19-e860-45e7-a7f4-b862cb96f3dc	4d72b9fa-a11a-485e-9c22-8fb426e0feaa
862ff370-cde8-47b7-83b7-a878f579e2aa	4d72b9fa-a11a-485e-9c22-8fb426e0feaa
f867316c-bf18-49d7-b96d-847f6074026a	4d72b9fa-a11a-485e-9c22-8fb426e0feaa
ffd3a6b0-acfb-4c6b-8eff-7082988510dd	c2f971d6-e0b4-4b00-87a4-074d6c96b2c9
0d3aafca-241b-4977-8967-f47418913e0e	588f7593-4dd8-46c2-bcaa-c3e99c28d541
27c5c52b-3b36-4119-b461-976197d929bf	dd767840-363e-43ad-8835-c9ab516633de
030d7e01-c82a-4e28-afe4-176409807028	3b4d6319-fcef-4637-b35a-e3df76321894
313cffc7-59cf-418d-8a8b-6f049b189785	65666cdf-b177-4d79-9687-b9c32805e450
fb13f2ac-8dcc-47ca-a60f-4a1e64a67a14	65666cdf-b177-4d79-9687-b9c32805e450
e122c1bf-6b8a-4145-975c-31612a3f344c	9ea62430-3c48-440d-b29d-32f0d75878a3
9ea62430-3c48-440d-b29d-32f0d75878a3	90c9b9f1-0a4f-4639-b1e9-2bfb23d611bd
2f8b848d-23c8-4f42-a41a-df1f81c64d0f	ed2ca1f7-5463-4eda-9324-b597e269e242
26b71ec6-c395-4e24-b456-9490cb38d74b	90e8a226-8d40-4c1f-91e4-36a712b34e57
21bfd8f6-3360-43f9-be42-b00002982d70	092348a4-b896-4f8f-a0dc-e6d4605a4904
076e3cdd-d2a4-47a6-b6c2-07ad2793e9bc	3b1f1d58-dcd5-4d7e-adb6-fcc4c56324d0
91e476e9-e1df-4c81-acd1-c86c5bf9898d	28262ae3-599c-4259-ae30-3c83a5ec02a1
f695028c-ca84-41e4-ba72-d17878eadf35	34dfe08a-a416-4052-9952-4266ffb08dba
34dfe08a-a416-4052-9952-4266ffb08dba	90c9b9f1-0a4f-4639-b1e9-2bfb23d611bd
8f7df72d-ecfe-45df-a5a1-52bd133aaf82	f4f8cd96-0d45-49fe-8996-c82154b168ee
2ec0e71c-838f-4d9e-bffa-514cd7fbf863	84a394d2-b388-4e4e-904e-136ca3f5dd7d
cb5342f7-4a48-4abb-ac43-53e2eb534324	637f0195-79ef-44b6-8cac-8a23cc0d0975
2fa4db40-ad2e-4797-a7e2-ab37520c68fd	93549580-c134-41a7-9cbc-1797ebc10200
855ff797-b717-49b1-ab48-eeeef0ab6432	d949275c-88f8-4623-a44b-eb3706651e10
42c49174-29b9-4bd8-b62b-b1c6b434ec7f	28262ae3-599c-4259-ae30-3c83a5ec02a1
e2f53bc3-2bd0-4356-89fe-73e44f09fafa	a34518fb-c418-45da-8551-888ca8bdedd6
7e51374b-a3c4-45a4-bf8e-e6b5bc31ae8b	61b4cb95-d7c9-4c84-a4be-81d941ca11ba
fb5b2e66-5b14-497b-b98b-a56b0adfcfd2	8953ca7a-ed45-49a9-93af-87d55e69f910
059e1b97-c18b-4043-94a5-59004df8282d	42e6e5c3-3a06-4a6f-abd4-a4b85d9c6b16
1129721d-78ad-4795-ab16-920b0b851ee8	5984199c-d85c-4ffc-b13a-c5f2482d2258
f875c256-b84a-417a-b2b5-ff7e301a41c7	20086ead-41fc-49cf-8a62-d4e1126f41fc
bbaa61d0-88a8-4fb4-a3ac-a4c33724c1de	d949275c-88f8-4623-a44b-eb3706651e10
b5d80b89-fa33-454b-81bc-fd613b29deff	edb9b4a6-b804-4348-beee-81827c86bf0b
ce4b939e-614d-4754-bf20-86347cc56c4b	a34518fb-c418-45da-8551-888ca8bdedd6
fa5b3b7e-682a-49fd-bf99-d2cfe3e16a26	ba951b09-5146-43be-87af-44075eac3ae9
2b5a2c65-e176-466a-873e-712bef4f57f1	1227db39-e321-4439-a514-10e4d1d0e61d
27e57b63-4252-4c49-b103-e73f7c6ed394	2dc353bf-d481-4c81-9f8f-25e1d4bc5da9
bdb7a7e0-c307-4514-a271-d7f76ee8364d	2dc353bf-d481-4c81-9f8f-25e1d4bc5da9
783cf728-cd63-47ce-aa63-b466b2ea3982	ba951b09-5146-43be-87af-44075eac3ae9
53f410bb-846b-4cfc-8d2a-ba304046beca	ed2ca1f7-5463-4eda-9324-b597e269e242
f37dc367-079f-414a-8afe-6953582f62b6	9f5f3106-7145-4f30-a2d5-e3ac1b002289
087ef463-b802-49c8-a107-b99b5bc725d5	9f5f3106-7145-4f30-a2d5-e3ac1b002289
df842d4d-e892-46fb-8d8a-eabc866baa0b	2ec0e71c-838f-4d9e-bffa-514cd7fbf863
dbb52b1a-55ba-498c-9097-80787ee74e24	940e7a57-171a-4dad-b6eb-e2a5a87c9cec
26e5c6b4-1d88-4e5d-a365-ee81577eee64	e04c9a5c-88e8-46e5-91d9-add405e098fb
6ea41ea1-6523-43fd-8f82-5121f0e070f1	cc195f93-4244-489a-97e9-22480113c770
cc195f93-4244-489a-97e9-22480113c770	a5c88a77-03ba-4100-bd33-7ee2ce602dc8
feed3ea6-a235-4405-86fa-00a6e32e9746	c914fd40-dd0a-45c4-a6ff-bce0cda31bde
6c8fe95f-1da0-48e0-a474-7e1f0239db80	84a394d2-b388-4e4e-904e-136ca3f5dd7d
d7adaaf5-cac8-4781-a224-930afd37f174	9f5f3106-7145-4f30-a2d5-e3ac1b002289
85e30de3-a8e4-4b44-a904-dfeaaa697ff1	4919a97c-3249-496c-8485-b7c8d36d6ef0
44bd4859-8bd7-4cae-b89d-a60b3444dc7c	059e1b97-c18b-4043-94a5-59004df8282d
c66d9ec0-0455-4cd2-9cc5-becb226206fb	7d67047c-bf22-4c34-b566-b46d6973f961
c23cae1f-1084-481b-93f5-6130381bf471	ef67434e-e406-4b3f-ad51-65e08cbdd291
580b5b3e-a2d2-4b98-8ebf-d4fab298d601	b20215a9-25fb-4fa6-80a3-42e23f5352c2
c8250d67-1e19-440c-9198-37221364d4fa	5c76ad4e-4b4d-4f72-a6ef-b277b31b98a1
c9fc34e6-bef5-44f6-b1c6-9824ac088dca	4919a97c-3249-496c-8485-b7c8d36d6ef0
66d84061-2900-406b-950a-683a1d908642	8953ca7a-ed45-49a9-93af-87d55e69f910
ed77b584-f8b0-4e9e-9027-ed3aadd9feac	689bb0dd-bd50-42e0-9195-cfb020bc3ee7
7511030e-3c79-44ee-a1c3-1627a6ec0570	93549580-c134-41a7-9cbc-1797ebc10200
bc2b7f1a-25b2-4115-8b8d-9b7822d11377	e3147d4f-4bd5-4a14-a386-4ba7ccb058b4
09e13bfe-83ee-4e89-acb8-a9f1971cdb04	e3147d4f-4bd5-4a14-a386-4ba7ccb058b4
9bb10f38-3fab-4c12-9b53-c8674e64a67f	27af9b0f-9ddf-47e2-9103-2f6f72d9ddf7
6dde8c8b-2d2a-4b45-b838-d9af448c713b	30ba2d05-d0d6-4978-a5d6-707511894111
c2367fdf-a8ca-403f-950c-88ebc3879fec	f4f8cd96-0d45-49fe-8996-c82154b168ee
cb73ab7b-1062-4ad7-b91c-0e228516b47e	90c9b9f1-0a4f-4639-b1e9-2bfb23d611bd
c58fc0b0-50bd-4a5d-9e41-64230e191032	25bc1af0-33df-40be-a668-d9b05d1dd3e4
45a65707-11c7-4e58-88b7-164f83d073e6	454b3d57-870e-4691-a700-abbf7d883c34
b7374969-dfdf-46eb-97f3-7772c011c10d	90c9b9f1-0a4f-4639-b1e9-2bfb23d611bd
13b3a4e4-7254-4650-819d-d9c6e26e01b3	8758d11e-3c6f-4b81-99e6-791a99e44363
5a345486-f6ab-43a6-bced-52a7301f7273	c657bea7-3b82-4103-9d7c-8d9725f87ede
dcc6762c-ccba-4d65-9816-7c867bcedf69	28262ae3-599c-4259-ae30-3c83a5ec02a1
6e11db64-8195-40f1-91b2-5f2bdd10a723	4ad66168-274d-4d83-9195-f4ab0ccc97cb
c0e3093c-fd53-4129-ac76-a869b1bb8c21	e3147d4f-4bd5-4a14-a386-4ba7ccb058b4
cade4e7d-0397-459d-a880-3d2753dd39c2	ba951b09-5146-43be-87af-44075eac3ae9
e8e4b901-c862-4e04-b581-2d3357a81a74	bf3906da-359c-4366-9e1b-2e5b5334167e
15ddf138-3989-4997-b79c-1aa0ae496b26	d69977ab-4fb1-4ad6-b379-e967c5b7528b
7141c208-70d6-4858-aac2-f59ab52e8b38	f9581ec6-e4d2-4a68-b187-b364d3f90e76
fbe2ce17-9ee6-4dcb-a523-ae5383d2cf4c	5af6180c-d5db-4cc1-a68e-7bd066908132
733034e3-37a8-4a2e-9c6b-cf4508eeade0	4ad66168-274d-4d83-9195-f4ab0ccc97cb
26b5cfbd-1677-4629-8674-223b67b480c7	689bb0dd-bd50-42e0-9195-cfb020bc3ee7
b4337707-3195-4d43-b313-0c52eb33450e	e5f07ff7-b491-4d9f-9106-92aa276ee728
1f7c6bfc-30cd-4cbd-8995-c91bc4a101a4	08a8a69f-2825-4fe2-a4cf-c83458a5629e
a44e9afd-6e09-4dcf-90a3-18e8e8708cb7	3e4df71e-474d-4a40-bd6a-b3072affa151
f55e6f46-32e8-4f5e-9130-8eb58dadf70b	4a9ab4d7-0d03-4c61-9e16-47787cbf53cd
58643944-9cc3-4f61-8805-4c1d090bf21d	ba951b09-5146-43be-87af-44075eac3ae9
64f9fbaa-16f3-407f-b233-c1591a0753be	95202728-fb55-4aac-a53e-6a8f1553348a
e54fd82a-4c93-4e9e-84d8-0fa167e7f004	8953ca7a-ed45-49a9-93af-87d55e69f910
662d14a1-3757-40d5-8c8b-071d7ca97149	30ba2d05-d0d6-4978-a5d6-707511894111
6dbae400-2416-4bdc-8b70-c32d303e7613	8758d11e-3c6f-4b81-99e6-791a99e44363
f5c0bf33-6a7f-4c47-aac7-3b8a85a4641e	0398a361-7c0d-49dd-beb3-4e405571f627
a7b67f4f-1234-4a0c-90ba-eeed4c5183cd	6acc9db4-780e-4a46-92b4-1812e3c2c48a
e390c88f-b232-4973-8742-60b8e1ebebf8	42fdd045-cadf-474b-b8a6-ca20a77c43bb
86aaefa2-52db-4d8d-911d-5fff034ed035	2dc353bf-d481-4c81-9f8f-25e1d4bc5da9
ed952e5a-2ea7-44c0-aed9-c97ffe58993b	ba951b09-5146-43be-87af-44075eac3ae9
cc8ee3a9-3fe5-4e72-bc98-5a4d602d3e4f	4ad66168-274d-4d83-9195-f4ab0ccc97cb
124256da-af20-4eb4-ae5b-28894c56dee0	72241f43-600b-4c34-9205-5a07060a2711
72241f43-600b-4c34-9205-5a07060a2711	e491505c-77ae-45b2-84be-8c94b94f6a2b
536f83c0-8c67-47a3-88a4-d5b1eda591ed	dded88e2-f92e-424f-b73e-6ad24a839c51
62562899-fed3-4876-ba61-80264d140009	f1d9c348-5c5e-4fc6-9172-13a62537d3ae
d7aa2c13-6148-4411-b119-76e6e4ea94ae	d7e02519-b7ba-4297-80a8-01cd0e5f2cb2
568b53ae-bfb3-4e8b-8f02-cf333af97edd	dfe808c3-6a58-4266-8f50-a93d931bfaaf
00606228-4865-4210-a740-12e05149ff9a	e4b9e05a-6c04-4e18-945f-4584c08c4628
b1846db8-acab-4fc2-b1ad-b98250c78c62	4ad66168-274d-4d83-9195-f4ab0ccc97cb
00bcf15b-34bf-4f45-a267-aa8e7cabf043	65666cdf-b177-4d79-9687-b9c32805e450
52872ecc-6996-4af0-9fae-6897e6a1d86c	a937271d-25d1-4ebc-a2dd-eb94947c2122
590c9109-d334-4ce8-b58d-7c9355979766	cade4e7d-0397-459d-a880-3d2753dd39c2
9bc2276d-5f65-4b29-b7ac-00379004cfec	7cd02e03-8f49-48f1-a76a-9d98a14c653f
d6fc8b39-351d-4d3f-a938-4a86f38906bc	e491505c-77ae-45b2-84be-8c94b94f6a2b
9da8f2ea-2729-4928-ac03-7ebe090f7c05	91e476e9-e1df-4c81-acd1-c86c5bf9898d
046d1067-7e7f-4354-abb9-6d6736304ff7	7cd02e03-8f49-48f1-a76a-9d98a14c653f
b90e86de-2b62-493f-b7dd-31b89ccc97f7	104ee859-8278-406b-80cb-5727373e0198
6883a521-919b-4796-8a98-d319cf354169	70487388-9db0-465b-a53c-fd96c6aedb0b
70487388-9db0-465b-a53c-fd96c6aedb0b	28262ae3-599c-4259-ae30-3c83a5ec02a1
93aa62fb-0969-41c6-894a-96bbcf2612d5	6df55cf4-d25c-41d2-aec9-824c67a9eb51
50904cbc-3cde-4a3b-92ba-b75117671574	431a7fac-a2e8-4ffc-8fc7-bab10fc5e6d4
a00f964e-f809-499f-9148-c00537437022	dbbf7f4d-78aa-46ac-8e67-d937fe9a8c69
0db50d22-b906-4850-bf48-cf4a1477eafc	24e91c04-21cb-479a-8f23-df0eaab31788
e942477a-bb00-44e9-97c3-f52d6f8f1dcc	cc195f93-4244-489a-97e9-22480113c770
e26c71f7-3ba8-4884-ab4c-93de5a43943f	3afd1d79-597d-4f97-bc7a-83766dcab2f4
dd1e5961-65c9-495b-b5e9-06035a1bc9e6	90e8a226-8d40-4c1f-91e4-36a712b34e57
2d2607aa-b86e-4ddc-8bef-95e82f964242	0398a361-7c0d-49dd-beb3-4e405571f627
f421b9c8-bc31-43d5-b443-6148731a10fd	f81590ba-856a-4c81-9380-8bb2804120c1
f81590ba-856a-4c81-9380-8bb2804120c1	90e8a226-8d40-4c1f-91e4-36a712b34e57
02fdbc1c-89ff-493c-a150-2a2b5e40cc5d	a5c88a77-03ba-4100-bd33-7ee2ce602dc8
552bc20c-5283-4776-8a32-5cd155f3e64b	c419f70a-0986-4f55-b766-3a19216a3e5a
f28485d1-2492-46b0-a258-2cd9f8c20638	bf3906da-359c-4366-9e1b-2e5b5334167e
3bb5f304-edcd-4e1e-98ce-67ad8149e5eb	95d06252-5d75-42fb-9c5c-038ab6b482e4
b83f3fc7-4057-4aee-a9db-4d5fb8b49e2a	d0f1e5a3-c8f4-4780-8678-994f19104b21
d9622b3b-d8a7-4274-9d44-17afebd86ca6	1fd4f85d-83f0-46ec-878c-019967490c58
576eb670-9e54-4d6e-a1d0-8335cdbd9005	8d99749f-e2c5-43a3-a283-0faef4ee8a5d
8d54e876-06e8-464c-b6bd-1118b3dda01b	30ba2d05-d0d6-4978-a5d6-707511894111
edb96e44-aeb4-4c2a-817e-f93e8e0c4057	30ba2d05-d0d6-4978-a5d6-707511894111
576e8b97-1a70-40b1-994c-3062e23057e7	9f5f3106-7145-4f30-a2d5-e3ac1b002289
5b85ce16-9b5d-4626-ad27-0dc3c7f31c91	7bf5c281-681a-4ea3-bd22-d1ed96d421aa
78cfdb08-0629-42d9-80eb-edbf9b36e0c3	47b6ce42-0bfa-42ee-9ff1-7a9c71ee9727
eaa2e73e-1130-40a7-95c6-ad02f4f96c84	4133cff8-c12d-49eb-8c1a-31ec179a0dbf
542654d1-8006-4aa0-b85f-f243f14c1700	c419f70a-0986-4f55-b766-3a19216a3e5a
1cfb2ddc-91d1-4a57-8ede-4719c7535bd0	386180ca-4219-478e-8b80-a271dd5ce5f2
36fba1a2-75e5-4041-942e-6d5eac7dd83c	9fb30a53-70fb-4f1c-878b-0064b202d1ba
c39ac533-be2c-4460-93ba-e656793568ef	33bc0eed-62c7-4b0b-9a93-626c9e10c025
35a34e76-77fc-42b4-b8de-c587d30ff39a	28262ae3-599c-4259-ae30-3c83a5ec02a1
09a7fc9f-c9d8-45fe-8066-1bf7a6dd4a22	42e6e5c3-3a06-4a6f-abd4-a4b85d9c6b16
23a712ff-23b3-4f5a-83f1-44ac679fe615	092348a4-b896-4f8f-a0dc-e6d4605a4904
651b2ef7-d5fb-4ebb-b6a9-521b3b766b01	ff00b8b2-dcdb-4659-93c2-291c9be354f3
ba7a0379-3dc8-4ee9-acb5-ace8e6dd42b9	42e6e5c3-3a06-4a6f-abd4-a4b85d9c6b16
b80b4aeb-3868-483b-a0f5-9ea8feb1cc47	5c76ad4e-4b4d-4f72-a6ef-b277b31b98a1
f1e4aad3-bb4c-4850-94ff-8ea5490e9188	13d01427-33b5-4ca4-bf7a-68425f54e236
efb5d1e8-5dd8-4b6f-9b9a-de8b098e8046	685d131a-5bcc-46e0-b952-8d9a3ffc6f0a
c99a6f1b-950c-4358-8521-eeb95d09fb36	3b1f1d58-dcd5-4d7e-adb6-fcc4c56324d0
ef9e3404-3771-4077-8f76-ad20b8d27bd5	51efa3dd-e9bc-42b2-aa26-06bf5f543015
5f76fe36-e3a8-4443-b17b-3ea12ad54230	51efa3dd-e9bc-42b2-aa26-06bf5f543015
5a39596c-801f-477f-b574-43f8f16daecd	386180ca-4219-478e-8b80-a271dd5ce5f2
6f0f8db1-9fe9-4f6a-92c7-7f9ce48117ab	c2f971d6-e0b4-4b00-87a4-074d6c96b2c9
d5c58fc7-dc3f-4142-a337-039d244b6105	e3147d4f-4bd5-4a14-a386-4ba7ccb058b4
f0aaf5e3-c820-4229-ac1e-6a484aa4f0a2	b29cf14b-54c6-402c-a9f0-77218602d1af
77fc0591-e2b6-4189-a41c-34e0353afcce	1dd3f25a-9237-4143-b2d2-cd7f6863c9c0
be87a790-f8b0-40ee-9fba-0c0d07e3f8e8	c419f70a-0986-4f55-b766-3a19216a3e5a
a9394b1e-43e8-488d-b0a5-c01f6ff58315	c2f971d6-e0b4-4b00-87a4-074d6c96b2c9
c5b994b2-29dd-4c7a-973d-3eee43a60c2d	431a7fac-a2e8-4ffc-8fc7-bab10fc5e6d4
ccadca16-a0e8-4ae2-adb0-990d93ff3445	7c75c541-403f-4cb1-9b34-4ddde816a80d
27b9c5cd-b390-4332-89be-73491df35a41	9597c30a-605a-4e36-8bc1-47e5cdae41b3
9de4e981-1bce-4d9a-91ae-9fd8b3d41a8e	3b1f1d58-dcd5-4d7e-adb6-fcc4c56324d0
4f3427ca-b83c-416d-84f6-386328ee3417	dbbf7f4d-78aa-46ac-8e67-d937fe9a8c69
afeebd0f-2494-421e-92b2-d91c3549c432	cade4e7d-0397-459d-a880-3d2753dd39c2
230a94c8-362a-4e3f-9a83-823472aa202a	a4038b29-b332-4f13-98b1-1c9709e216bc
57c6ba08-a31a-4a7a-9cd6-3d571e91f1ab	90e8a226-8d40-4c1f-91e4-36a712b34e57
e7d5960c-a472-4a4c-b584-52ad49402343	33bc0eed-62c7-4b0b-9a93-626c9e10c025
1d9ac892-220f-4a21-89fa-e1a0e1f512ef	dbbf7f4d-78aa-46ac-8e67-d937fe9a8c69
7dbd6d59-0a26-473f-a6ef-70504a30b157	6df55cf4-d25c-41d2-aec9-824c67a9eb51
35d3e1b5-5777-4cbb-b4c7-0a20f9d6d7e2	931dc3bb-827b-4490-8013-111689b25142
185f0356-a7c8-4c5c-a3fa-9c4d17084d25	28262ae3-599c-4259-ae30-3c83a5ec02a1
f58ba5d0-5b45-43e4-a374-c2b8b3513b1f	9206c81a-ab48-4325-b309-1a4e7471bd7e
fc2412f2-77d1-4559-96db-b467cda93990	2389dfd4-a0c4-4bd2-b7e6-06f465463d22
22ad4441-9fb5-447b-950c-bf33466b31bb	3cf97f69-84de-41ae-bc7b-7e2cc238fa58
e5054ebc-7d1e-4212-81d9-e84852e8ee58	13d01427-33b5-4ca4-bf7a-68425f54e236
2a87e67e-3294-4753-9561-511f8a2cbd1a	58bebb74-fae7-4c97-878b-61ff543d9d12
9e7ea8b0-dc6d-4d16-a659-58f3f7248792	d7e02519-b7ba-4297-80a8-01cd0e5f2cb2
72ae8c45-7817-45a8-94c2-f1257ea6519a	3bc4ec93-fd86-4c66-98d0-7623cbbaa6be
b1b5791e-acb0-4ee2-9343-a0998d381a04	4ad66168-274d-4d83-9195-f4ab0ccc97cb
ead6c3d2-7087-4f0f-821d-3313f072f4a2	efa9782b-a3d0-4ca0-9c92-3b89748175b7
44509d44-824f-40a2-babe-6388b6136b7b	2389dfd4-a0c4-4bd2-b7e6-06f465463d22
13e88e11-5ed4-45b6-ae4a-8e07fdcb65e8	386180ca-4219-478e-8b80-a271dd5ce5f2
eb212500-ab57-4c8c-8eb0-4f11493da437	b14a6778-60a2-483a-924c-774d1040cbf4
c0be924a-3cee-4200-b4e2-2de4b8ea9dc1	e04c9a5c-88e8-46e5-91d9-add405e098fb
41ae5900-f8e5-4840-b58f-734631029fd6	aaeb7f58-d410-4c42-8775-05b0bdeceeea
f41ababe-749f-4524-b8e9-845ad5d3e632	4a9ab4d7-0d03-4c61-9e16-47787cbf53cd
75ba781f-1bbb-4b11-89db-aad08e9a9259	cb4c8377-6fcb-4022-a7a1-98395eb50508
4713d510-9dd1-479f-a2f3-9b2ec5cde0e3	f1d9c348-5c5e-4fc6-9172-13a62537d3ae
383f2d71-b239-4d90-b89b-600340b34332	e48ab80a-de80-4e83-bf59-26316856a5f9
9f41fccc-5723-4039-b7a0-02528a5491c5	a34518fb-c418-45da-8551-888ca8bdedd6
cefad480-c674-46c9-8bd6-8d71beb3e372	4ad66168-274d-4d83-9195-f4ab0ccc97cb
3ad1e2a6-dfdc-4150-a469-5f4b3cfcf3b5	685d131a-5bcc-46e0-b952-8d9a3ffc6f0a
912b6d4b-73c5-4d34-a756-dc6b0ce16eae	3b4d6319-fcef-4637-b35a-e3df76321894
5476b424-b273-481d-9f86-19feeda2c58b	3b4d6319-fcef-4637-b35a-e3df76321894
5a73303d-0c74-4115-9c3e-7d0e925cb1ae	4713d510-9dd1-479f-a2f3-9b2ec5cde0e3
f15d007c-39ab-4e13-a2d8-d33e2dd3ef8b	b7374969-dfdf-46eb-97f3-7772c011c10d
e0f61ec3-1f7e-4611-8457-ea4d639c1444	c2f971d6-e0b4-4b00-87a4-074d6c96b2c9
c69bef42-a59e-419c-ba8f-9e53a3b46018	3e4df71e-474d-4a40-bd6a-b3072affa151
f2c9ec1e-bbdd-45b8-afd7-fab0c9371d4b	503c5bc7-809a-47b9-83e2-bd0c212dbabb
8c8aac58-992a-4f88-9dd6-1c8283a22588	130c100c-189d-49a7-af2d-ebcf69d04759
130c100c-189d-49a7-af2d-ebcf69d04759	90c9b9f1-0a4f-4639-b1e9-2bfb23d611bd
3573b024-5c47-43e2-b95f-85f4562fe62c	0398a361-7c0d-49dd-beb3-4e405571f627
c73891d9-1ead-4075-8681-8189de727cb9	a44b1c68-807c-45fe-bc7b-a47586617863
bdcfeeac-8482-46c1-8a8a-7fb746fb289c	7a1ba896-b85a-4137-81d9-ab05b7ce67dd
e957194d-ba66-4bca-a8e6-2959e00fe89c	28262ae3-599c-4259-ae30-3c83a5ec02a1
90c7fbe9-e78e-4b36-b3ba-c1637c28326d	cade4e7d-0397-459d-a880-3d2753dd39c2
d5c3d032-2c12-4bb3-8340-3cc5084ccba7	431a7fac-a2e8-4ffc-8fc7-bab10fc5e6d4
35092839-9f4a-4ee0-a1c3-6969d8440d79	28262ae3-599c-4259-ae30-3c83a5ec02a1
326e92c5-253d-4ab9-bdef-bffa0985fa7b	cebc01ee-f70a-4397-a552-622e10b62508
9ea4261c-127e-4086-a96e-16faf6789a4e	c419f70a-0986-4f55-b766-3a19216a3e5a
1beeb297-c6fc-40a5-b133-aac3f260a9a2	5c76ad4e-4b4d-4f72-a6ef-b277b31b98a1
0eeabf35-794f-44d6-b0aa-ab0e7aed0cb9	4a9ab4d7-0d03-4c61-9e16-47787cbf53cd
b554cd34-bad2-4fbb-b6df-6dae0a276bb4	86f769e5-f0a9-4d6c-8fbc-602dd5f13ad8
d518f282-3389-4252-b7aa-8aadb468c25c	86f769e5-f0a9-4d6c-8fbc-602dd5f13ad8
18c7918f-cde5-4e66-b5f4-cd15c33cc1cc	ba3a9702-da22-487f-86c1-8334a730e559
b508d8eb-de70-4e08-b7d9-9e4a9f5bedae	18cb575a-45a0-4ab8-8bff-12c48a2ee8d4
bdf22162-6602-431d-820c-fd12611f71e0	1dd3f25a-9237-4143-b2d2-cd7f6863c9c0
ba1f2f97-5e54-4aaf-8e14-075885ec8093	a34518fb-c418-45da-8551-888ca8bdedd6
8dca7d9b-b2de-4224-b2ad-2bfc3943561c	f7071a5c-d6dc-4f2e-b83d-83414ae15536
30e14182-efeb-40b8-820d-a320ec514dd4	f9e476ef-654d-41ec-97d9-2b6842d4361d
a6a0ba0b-d4a8-46bc-8c68-4c62ca04183b	a34518fb-c418-45da-8551-888ca8bdedd6
6db1a264-32f2-4c64-acff-b3eedca45353	578871e4-b755-4664-b0e6-1b2e8b841600
ec824038-05c2-4ba1-83ec-b7947fd8fdc6	578871e4-b755-4664-b0e6-1b2e8b841600
bff2d196-a07c-4734-98a1-eb2e26a2a33f	578871e4-b755-4664-b0e6-1b2e8b841600
28e3bfa0-7148-4ab4-8bd9-a839e0563869	578871e4-b755-4664-b0e6-1b2e8b841600
23d93175-0074-4270-a003-ada97b619646	578871e4-b755-4664-b0e6-1b2e8b841600
1ffcf105-c245-427a-9d01-7726a1e6b218	578871e4-b755-4664-b0e6-1b2e8b841600
f98caaaa-cfc5-452e-a8e5-1a27efcdeffa	578871e4-b755-4664-b0e6-1b2e8b841600
ef3248d2-2145-4f87-b99a-589433c9b101	42e6e5c3-3a06-4a6f-abd4-a4b85d9c6b16
64f089a8-e342-4a93-9a90-db999bb94719	29480b00-dc4d-49a0-b48c-25dda8569325
b81abd86-9d71-4645-b010-349400ae243e	91e476e9-e1df-4c81-acd1-c86c5bf9898d
8b68c537-c1ba-47b3-93f7-a2821af2d599	107b4fd7-fef4-4a86-9796-2967c95f3f3c
8c5b3892-26cf-4254-b5e8-23c6e7d39c46	f9e476ef-654d-41ec-97d9-2b6842d4361d
d5e38302-6bb2-4b49-a99e-1ffab30e1e1e	9206c81a-ab48-4325-b309-1a4e7471bd7e
64967f71-a81e-4323-a9b3-7bebc78a46c8	272308f4-05c8-4d0d-abc7-b7c2e3ccd249
c9a4751f-875b-4a22-aa6d-dbc4c5b39186	27af9b0f-9ddf-47e2-9103-2f6f72d9ddf7
42c1a780-a448-4653-9892-68e3981a000f	cb4c8377-6fcb-4022-a7a1-98395eb50508
0a018d28-e3a8-4db7-a593-c8a0bfb57319	20086ead-41fc-49cf-8a62-d4e1126f41fc
efa6099d-c5a8-4adc-83b7-f149b0d8d6ee	35092839-9f4a-4ee0-a1c3-6969d8440d79
5e2be290-4b95-45e4-a362-876340296fe1	28262ae3-599c-4259-ae30-3c83a5ec02a1
288d5fe9-bf7c-48f2-b644-a7e911daee95	9cf64a4b-68cc-4723-8659-cd88523ce910
dcdfd0c3-d669-49d8-b6ce-3c09842d481f	2ec0e71c-838f-4d9e-bffa-514cd7fbf863
ccd41790-a498-4cd1-a510-125d67e0f585	e48ab80a-de80-4e83-bf59-26316856a5f9
4a661fcb-955a-4a47-8b11-529f3df39f5c	3b1f1d58-dcd5-4d7e-adb6-fcc4c56324d0
ff8f4cd7-05dd-4478-b37b-a9dcd984a810	a5c88a77-03ba-4100-bd33-7ee2ce602dc8
31024c7d-70a3-4d5b-bf53-a375cdab3b63	aaeb7f58-d410-4c42-8775-05b0bdeceeea
62072d08-8552-4b0e-9efe-bf8641c30958	5c76ad4e-4b4d-4f72-a6ef-b277b31b98a1
6b0e810c-84e4-4527-9c96-70abd2e4922f	76af3d10-f1ff-4129-aad9-7c69edf7bb60
9e404eb0-5a2a-41ec-bace-c62407a604bc	90c9b9f1-0a4f-4639-b1e9-2bfb23d611bd
7899db1e-2b8b-4982-a46a-18c6e43742c0	a1e4659c-dc15-48be-bc4f-6c609ae061dc
b6a5a98d-34dc-4388-8bb6-4c8025b9c0e4	c2f971d6-e0b4-4b00-87a4-074d6c96b2c9
93c140af-8bfd-410e-bc0a-a9be0f312ff9	a937271d-25d1-4ebc-a2dd-eb94947c2122
68607356-927a-4d99-a4da-cd21c6c34204	a937271d-25d1-4ebc-a2dd-eb94947c2122
b6cf9b52-74b4-46ea-be56-43e6e222bd87	a937271d-25d1-4ebc-a2dd-eb94947c2122
1333a669-9deb-4433-956d-f89e293b33d2	f37542ca-a728-42dc-aaa2-801b03daba33
e16b62e0-9c54-4547-b8c0-7589d8af3906	47b6ce42-0bfa-42ee-9ff1-7a9c71ee9727
d3df7728-db52-411f-afd2-44dbd09f553b	29480b00-dc4d-49a0-b48c-25dda8569325
a7041d98-c40a-46de-80c8-e45a421c4f95	c2f971d6-e0b4-4b00-87a4-074d6c96b2c9
f08c20eb-2c28-41d9-96ef-1678425836cd	db605204-0f03-441b-837f-16613c6b3f8f
6ccfa37d-11b5-4aaf-bd2c-e05e0220c0a9	104ee859-8278-406b-80cb-5727373e0198
eccd6ddc-48bb-4707-92e7-fa2a8e0f1aeb	08a8a69f-2825-4fe2-a4cf-c83458a5629e
4b118ae1-d783-47a8-bdec-905a1bf2ca9e	1f3d1ae8-aba7-4e02-abbc-6b54e6ff66aa
521cd7b5-9aab-4888-8709-f661e3b313a8	28262ae3-599c-4259-ae30-3c83a5ec02a1
d36f331f-ef4e-48e2-81e5-c4ed6c94a1f9	5af6180c-d5db-4cc1-a68e-7bd066908132
1d7e4c59-69bd-4db9-a260-5e88f42b3af0	4ad66168-274d-4d83-9195-f4ab0ccc97cb
90f19461-cda0-4bd2-bdca-a20f08554c86	72241f43-600b-4c34-9205-5a07060a2711
c81c1fa0-686f-4168-a939-f65b976effca	107b4fd7-fef4-4a86-9796-2967c95f3f3c
661ebdf1-5683-4f13-9671-50b89086fb4c	22ad4441-9fb5-447b-950c-bf33466b31bb
71440b25-319a-4a42-b755-2d5369091a45	c2f971d6-e0b4-4b00-87a4-074d6c96b2c9
64d18c5f-9038-4b90-a10f-30e3c94f5657	90e8a226-8d40-4c1f-91e4-36a712b34e57
f38e6317-1916-4e57-a7ed-60b2005485b1	2ec0e71c-838f-4d9e-bffa-514cd7fbf863
2466c429-d4bc-46ca-ae90-b3545a74238c	d6dba75a-42bd-4e1e-984c-2bddb6b41951
34615cb7-8da8-4ad4-b9f7-759fa4a7afea	28262ae3-599c-4259-ae30-3c83a5ec02a1
7a2b6588-d734-4057-8d2f-f80a47123f17	a44b1c68-807c-45fe-bc7b-a47586617863
7348fafc-bb80-4143-a55c-04238e04f377	e33ce727-bb6b-47a2-894b-b7174cb7faee
940fdb1c-495a-4120-a864-f204b3c5c917	54758e13-1f51-4413-833c-70254776b06f
091e8308-ff3c-4c11-89bb-ac4b1d35d246	42fdd045-cadf-474b-b8a6-ca20a77c43bb
e43d1806-a61e-4c22-9c37-4321f513bf81	42fdd045-cadf-474b-b8a6-ca20a77c43bb
6f204e9a-a634-4942-8486-ecc841388f5c	059e1b97-c18b-4043-94a5-59004df8282d
eb882d51-9e14-4fa4-b9d4-67889532aa73	29480b00-dc4d-49a0-b48c-25dda8569325
f01c6876-3a1c-4cdc-90f1-2487de6090ec	104ee859-8278-406b-80cb-5727373e0198
26b27157-a062-4ba0-8c98-7b29e59bd58e	52ff5c99-a17b-42c4-a9d7-2cc92cccca39
8ac03ef6-84a1-4ab0-8fde-1125599d160d	b4e41212-77b8-44ba-8fb5-6aa479b20d36
f40a63ce-ac0c-4102-84d1-f1835cb7daac	5a9e6b26-ae64-4129-93ee-968028381e83
332f8cd6-5d79-41dd-b6a6-b09ac071b768	5c76ad4e-4b4d-4f72-a6ef-b277b31b98a1
f755e7a8-f337-4419-bb10-02db53b771b1	f3f4b5d3-49c4-487b-bd5b-be75f11ec8c5
bdf9835b-d492-4706-b0de-1f6fff69ebdb	0398a361-7c0d-49dd-beb3-4e405571f627
2abe81f4-5301-4897-a6f6-ffe82b220de6	d6a4884e-769d-4b81-8ba5-b64394362d92
e9106b40-4b74-4c3f-8054-4d36fe5f154c	5e2be290-4b95-45e4-a362-876340296fe1
83014cce-0d8f-4ade-8697-9e108e0c1a71	a34518fb-c418-45da-8551-888ca8bdedd6
e2b37c87-3af0-45d7-8a39-6f15fa70408b	2dc353bf-d481-4c81-9f8f-25e1d4bc5da9
65a25d2c-a0e5-4283-921d-c928babfb6e4	a44b1c68-807c-45fe-bc7b-a47586617863
9a77decd-1dd8-4407-b3c0-5c77c3dba808	13d01427-33b5-4ca4-bf7a-68425f54e236
f54f469f-7afa-4080-a8d2-6994e738fdf4	c2f971d6-e0b4-4b00-87a4-074d6c96b2c9
9bc1fd7a-bf0e-4d94-85cf-07fee4d80d5a	90c9b9f1-0a4f-4639-b1e9-2bfb23d611bd
6480296a-839a-4e1a-8234-71d1ce999ce9	1218dda2-9279-4fec-840c-1321cb1a8934
520e5c39-ab50-499b-90e0-37cfbd87f784	27af9b0f-9ddf-47e2-9103-2f6f72d9ddf7
538c61de-1de6-4fc3-8e72-a06de44e1b04	9206c81a-ab48-4325-b309-1a4e7471bd7e
bcefe697-faa6-46e2-a64c-2d249a4bc1e8	dbbf7f4d-78aa-46ac-8e67-d937fe9a8c69
1da1c700-cef8-45c4-9bb7-11a4b0003e10	f1d9c348-5c5e-4fc6-9172-13a62537d3ae
562132d3-7f14-46e8-953b-d7e0d56cf021	ba951b09-5146-43be-87af-44075eac3ae9
425efa13-b989-4058-847b-c40985767792	f3dcc290-752f-4bbe-b379-9155d919a58d
4fa23fdb-c407-468e-a1b4-4ed443dda6e2	e5f07ff7-b491-4d9f-9106-92aa276ee728
31be8a8c-38b5-4f73-9567-2eaf468ca286	86f769e5-f0a9-4d6c-8fbc-602dd5f13ad8
ada85ef4-a2b5-446d-a8cf-92da2573b86f	940e7a57-171a-4dad-b6eb-e2a5a87c9cec
f48188df-8130-4d36-98e0-e72125d016a2	ba3a9702-da22-487f-86c1-8334a730e559
bfcc0fcc-1acb-44e0-8d87-1f2918448895	1327984f-95e0-4ca7-94c7-c63e69c30924
c05fe902-f519-459a-b20d-2a9318d5e1d1	5984199c-d85c-4ffc-b13a-c5f2482d2258
29698d17-8ce4-46e6-b173-bde2b5977970	5a9e6b26-ae64-4129-93ee-968028381e83
8e70cba7-877c-47f1-b76d-c9b03f0d9dfd	b7f57213-4b16-446d-8ded-81955d782680
86a0888f-89e6-408d-9c8c-1c7a85cb5422	d6a4884e-769d-4b81-8ba5-b64394362d92
35887441-acd2-4ec6-ba07-19914ed70961	c71f6a1e-2bcd-407e-b0da-6728cb55e4db
4f72853c-d9ea-4b34-a986-2f62359e9e40	2389dfd4-a0c4-4bd2-b7e6-06f465463d22
690ac909-3bb5-44c6-8374-0e76dc00a15b	940e7a57-171a-4dad-b6eb-e2a5a87c9cec
9a478c16-193c-400b-9a7b-9f5f9bc3f6c6	5d0b158c-7c31-41f8-84ae-8e4e950c1f0c
c3096102-cbd6-4af4-b7e6-c82f80774b97	c419f70a-0986-4f55-b766-3a19216a3e5a
89aff4c6-c79a-40b2-91ad-270fdb16b8cb	86f769e5-f0a9-4d6c-8fbc-602dd5f13ad8
4dafe1f8-593c-47da-a3b5-577d96feeee4	059e1b97-c18b-4043-94a5-59004df8282d
b422afa3-8349-4bb8-a36a-81d63a19507e	db605204-0f03-441b-837f-16613c6b3f8f
c6e45d10-27e7-49f9-967d-8e1f2e10daaf	d74faafc-781d-4087-8e0c-be4216180059
c5147b3e-2f6c-4fc8-99cc-c58c3c901200	6e85c12f-f52b-41b3-93ad-59e5f19d64f6
509f422b-de2a-4630-a503-495d6afd4fae	9ea62430-3c48-440d-b29d-32f0d75878a3
2285b71b-31c2-4413-af4f-a2cf32913ccc	35a34e76-77fc-42b4-b8de-c587d30ff39a
50b51f5d-0387-4c11-aa09-5d1290259b79	1fd4f85d-83f0-46ec-878c-019967490c58
89b2ca59-0a37-4576-b226-95bde1e9efc4	18cb575a-45a0-4ab8-8bff-12c48a2ee8d4
d612c61e-22f4-4922-8bb2-b04b9202126e	29480b00-dc4d-49a0-b48c-25dda8569325
db47ae0e-3443-4c3d-a6cc-fb125848b242	28262ae3-599c-4259-ae30-3c83a5ec02a1
e7f94005-797c-4d12-b5f5-9646dc04b04b	28262ae3-599c-4259-ae30-3c83a5ec02a1
e8fc8b3b-6ee3-42f9-844d-4ee7977d69c9	185f0356-a7c8-4c5c-a3fa-9c4d17084d25
88b4980f-af23-41a0-9fc6-027dda49643c	a34518fb-c418-45da-8551-888ca8bdedd6
c7db172f-74d0-4224-9868-2dfa3110411d	e2aac912-93c5-4b19-bd3d-9c12676e985c
597de04e-0faa-41e7-9bd7-cf09309d79c4	fe0b40e6-f742-45b0-9b2c-2cb976ce18ad
0c5fc8b5-bf51-4a9b-abc3-512d78d719cb	dbbf7f4d-78aa-46ac-8e67-d937fe9a8c69
04b8b6f2-c044-4b99-8711-89c655794019	4133cff8-c12d-49eb-8c1a-31ec179a0dbf
a83ce24e-0ef4-476e-bac6-d18061e0a22e	24f22965-542e-4ed0-82fa-2e54ca95b35d
9996acc5-1fd5-4bd0-a869-6d1ff1bf969a	5dc8d0fa-0c04-4066-9ecb-2e262d6d878f
e324abdb-7100-49f7-bc22-0eba2ba1e890	27af9b0f-9ddf-47e2-9103-2f6f72d9ddf7
41fc3c68-6b28-4bd5-ab2d-125638137cf0	8d99749f-e2c5-43a3-a283-0faef4ee8a5d
090f8b0b-02f6-446b-b2ec-6000d7cd8322	a44b1c68-807c-45fe-bc7b-a47586617863
1bd8be6f-fe5b-4b0b-a780-db1d873951b4	e4335adc-5dc3-47c0-bb27-4998792212eb
8e89e8a8-4658-4d97-a8d8-012a87a1ce62	c71f6a1e-2bcd-407e-b0da-6728cb55e4db
42014518-98a0-4d42-94c4-fa019d0b5baf	a34518fb-c418-45da-8551-888ca8bdedd6
8a2141ae-2493-491c-8e5f-2bd23c1a6afe	904cfd73-2707-47b8-8754-5765ec5a5b68
f5babf0a-9e91-4a70-97fb-7e4ffaee33a0	931dc3bb-827b-4490-8013-111689b25142
bf21a720-6cbc-45d5-ae92-eac2f67781d7	c914fd40-dd0a-45c4-a6ff-bce0cda31bde
709a17bc-9e62-4caf-9358-57367bace717	1218dda2-9279-4fec-840c-1321cb1a8934
2bab4a2e-4cee-4849-b6de-828bbd5d98c8	1218dda2-9279-4fec-840c-1321cb1a8934
319687d0-5675-4b6b-a0eb-42a44787fdb8	1218dda2-9279-4fec-840c-1321cb1a8934
89d857bf-11ef-4062-ae69-4272a2eb788d	1218dda2-9279-4fec-840c-1321cb1a8934
af28c09d-4c29-4534-8755-fc4ec2a35f1a	aaeb7f58-d410-4c42-8775-05b0bdeceeea
8969ecd4-15d2-4066-8ca2-7f72fa4cde61	637f0195-79ef-44b6-8cac-8a23cc0d0975
7966b917-60ea-4276-981e-84c59dfc5f7a	a44b1c68-807c-45fe-bc7b-a47586617863
a4f7ecb6-457a-4b93-bd41-8328652de474	61b4cb95-d7c9-4c84-a4be-81d941ca11ba
0327386a-a69e-4533-86d0-9f16f7ffa6f7	1f3d1ae8-aba7-4e02-abbc-6b54e6ff66aa
d93d4641-dd03-4eef-a791-c11146419a30	28262ae3-599c-4259-ae30-3c83a5ec02a1
eb6c325f-09b7-4873-86f0-6b2eacc4d27f	2389dfd4-a0c4-4bd2-b7e6-06f465463d22
43994d58-a38e-4f9b-9027-feba44453173	c71f6a1e-2bcd-407e-b0da-6728cb55e4db
5e0e15fa-a293-494d-a5b6-db4e9276351f	66acfe61-6c51-4cd9-90e0-34e47358020c
b25ec9c2-90e3-4826-90d3-283e4e2ac7eb	3bc4ec93-fd86-4c66-98d0-7623cbbaa6be
70a8cd19-03f8-4b8a-80bd-b444f402bc9a	4a9ab4d7-0d03-4c61-9e16-47787cbf53cd
6a1688d6-c0ed-4b2f-a5ea-aac3748c8394	18cb575a-45a0-4ab8-8bff-12c48a2ee8d4
c796b28c-d129-4037-9fee-e89e3a22d0a6	6df55cf4-d25c-41d2-aec9-824c67a9eb51
de978199-11e8-49b9-965e-4fa6a7ae79a8	0fffa994-b76d-4539-8bf9-2a6c6751580d
3addc68e-a3b3-402a-9149-d5a7477e94f8	5d0b158c-7c31-41f8-84ae-8e4e950c1f0c
14b795bd-e695-4068-9aeb-e657b20304d0	fa13521f-9285-45b0-bd65-4a472a8037e7
d2158a98-5f85-4672-ab5e-2ff232a657b4	42e6e5c3-3a06-4a6f-abd4-a4b85d9c6b16
2dae523e-478e-4f67-af29-8e96efcbf562	8d99749f-e2c5-43a3-a283-0faef4ee8a5d
8b1f6057-6133-4e36-a81d-d66e20bf0467	8d99749f-e2c5-43a3-a283-0faef4ee8a5d
0abc0956-a322-43d6-ab44-884d8210767c	c419f70a-0986-4f55-b766-3a19216a3e5a
b550d284-fafe-4ee6-9682-734e7cfabde5	02b042bb-b875-4362-ba13-41cbfb70f242
4def8626-632e-4aeb-bc18-e5201e0faf65	689bb0dd-bd50-42e0-9195-cfb020bc3ee7
e43c90fb-e2d1-4c35-9a82-955b3f695047	2dc353bf-d481-4c81-9f8f-25e1d4bc5da9
316c46b0-8bb0-44ce-a6ba-87c1c23ae13b	c419f70a-0986-4f55-b766-3a19216a3e5a
d9f7763a-d189-4f5b-a1ff-478da82b64a3	24e91c04-21cb-479a-8f23-df0eaab31788
8da9b722-fa09-42be-aa0c-0d20fdf35a63	a34518fb-c418-45da-8551-888ca8bdedd6
c0064369-d4a1-4440-9949-e75c02b77221	a34518fb-c418-45da-8551-888ca8bdedd6
fd51d4f6-a8fa-4eaf-a46e-99c2e10053cb	02b042bb-b875-4362-ba13-41cbfb70f242
7f07b585-89bc-4f04-a890-f46bffc030a9	34dfe08a-a416-4052-9952-4266ffb08dba
652532c7-dfb1-440a-a37e-215420ed3110	386180ca-4219-478e-8b80-a271dd5ce5f2
e86e90e0-af4f-4cd9-8b6a-f2d177575290	a8bffaae-5c8c-439f-92f0-c9fbf32ce1d9
1d0173d8-c1d6-47b4-a6e3-d9638637010f	08a8a69f-2825-4fe2-a4cf-c83458a5629e
f517defa-2c7b-4923-8263-eabbcd66ba59	80cb30f4-0361-49ea-ad84-bc10910318bf
8da62d85-47c0-42df-94c4-eaaeac329671	e4335adc-5dc3-47c0-bb27-4998792212eb
02c066d1-658e-4257-95b0-d9af0a358e5d	cebc01ee-f70a-4397-a552-622e10b62508
c45f0901-ce44-4e99-a947-fdca0ec92130	3b4d6319-fcef-4637-b35a-e3df76321894
df824788-d1c7-469c-a43d-841136b58fdf	22ad4441-9fb5-447b-950c-bf33466b31bb
bf391f7e-19a6-4442-9398-2b68ff9b1f8f	02b042bb-b875-4362-ba13-41cbfb70f242
acb26bb8-9a3b-481d-9516-f2426333da66	86f769e5-f0a9-4d6c-8fbc-602dd5f13ad8
a390a1eb-5bc6-4704-b3ac-0615ad957c3c	b7374969-dfdf-46eb-97f3-7772c011c10d
d58bd4de-3fee-4953-9654-7551333eebf1	5af6180c-d5db-4cc1-a68e-7bd066908132
9ed56732-8600-493e-8467-295233529718	1423ec9f-d62c-40f7-b10e-a2bdf020d8b7
98d9143e-174f-4a72-9a9d-5c8eef101cb6	27af9b0f-9ddf-47e2-9103-2f6f72d9ddf7
326022e0-8146-496c-9de5-6e390ff9e406	9fb30a53-70fb-4f1c-878b-0064b202d1ba
de3203c9-8f36-49a1-a8d5-d08ee9bc8c22	bf3906da-359c-4366-9e1b-2e5b5334167e
ad06699f-5543-4d96-9016-ba252e1a00a7	104ee859-8278-406b-80cb-5727373e0198
f8415414-4d98-466e-a991-5d97aa4733de	edb9b4a6-b804-4348-beee-81827c86bf0b
7b2a45e2-2f20-4331-a2b6-de512b007a52	cade4e7d-0397-459d-a880-3d2753dd39c2
237b2e72-c465-42fe-9293-8b6af21713c0	1423ec9f-d62c-40f7-b10e-a2bdf020d8b7
0dafec49-e649-4f44-b6ef-d9b537896354	ff24cafc-c478-40e6-8a5d-754caf3659eb
4d4ca1ea-a38c-4add-89c7-24e2bfa66ad0	5dc8d0fa-0c04-4066-9ecb-2e262d6d878f
64020283-cc0a-4e52-8124-81d81e9ba974	9ac356b8-b6cf-4eff-a6a8-208374f262e0
7ed17bb3-42cd-432a-80fa-c4ee82ad4f2a	ba951b09-5146-43be-87af-44075eac3ae9
f431414e-ff30-42ba-812b-a4df1d68a0b4	54758e13-1f51-4413-833c-70254776b06f
15c02dff-cb8b-4aa6-8fc5-4d3e73de001d	61b4cb95-d7c9-4c84-a4be-81d941ca11ba
69b9b406-a426-4d54-ba7f-5ef1e44b0827	8953ca7a-ed45-49a9-93af-87d55e69f910
59ceb6a5-8cb3-4671-bee2-9b392e916298	ff00b8b2-dcdb-4659-93c2-291c9be354f3
895732d7-177b-4def-8997-f1afc4364415	edb9b4a6-b804-4348-beee-81827c86bf0b
1ce5b33c-b94a-465a-a5ba-267de7da6f70	5d0b158c-7c31-41f8-84ae-8e4e950c1f0c
3ef207e1-26d3-41c4-94f5-e2957f3fb1a9	fe0b40e6-f742-45b0-9b2c-2cb976ce18ad
26aac667-6c29-4570-ad74-33f8e2e72a18	1218dda2-9279-4fec-840c-1321cb1a8934
acda4c63-5d0b-45ae-a748-8dae7bc9bcd4	d6af3ac9-e252-4e13-a673-405125797219
a119757d-73e8-40c2-940c-1af2ef118bb2	95d06252-5d75-42fb-9c5c-038ab6b482e4
3c33e0e1-b6cf-4caf-a38f-0eb0ad6cd907	13d01427-33b5-4ca4-bf7a-68425f54e236
45365268-7f50-4fb8-a651-6fb64ca42ca1	a5c88a77-03ba-4100-bd33-7ee2ce602dc8
a3a95dd0-65b1-4811-a6ff-a81af1b569b8	092348a4-b896-4f8f-a0dc-e6d4605a4904
4045babc-d429-4492-974e-daf1a822db32	c2f971d6-e0b4-4b00-87a4-074d6c96b2c9
cb501a60-9413-4bf9-beae-92f71ce66534	3bc4ec93-fd86-4c66-98d0-7623cbbaa6be
e853bed1-2386-49e3-8773-ae2eb89f9de1	130c100c-189d-49a7-af2d-ebcf69d04759
e9ef07fa-4c34-4126-89c1-6eabfeb92dd3	70487388-9db0-465b-a53c-fd96c6aedb0b
f7bfbd46-3403-4b71-9cdd-2e4826794218	9cf64a4b-68cc-4723-8659-cd88523ce910
a69a4bab-aebd-4701-9579-5b65a264a3fc	93549580-c134-41a7-9cbc-1797ebc10200
df7477b4-7ee3-4fcc-8a48-450cc35a535a	a7b67f4f-1234-4a0c-90ba-eeed4c5183cd
ab258996-8ad7-4311-b6ad-ff5d26a3aaa3	a7b67f4f-1234-4a0c-90ba-eeed4c5183cd
74ad91b0-08f6-438e-af6c-3dabb798fd9e	a7b67f4f-1234-4a0c-90ba-eeed4c5183cd
b0fcf462-e6b9-44e1-9145-48f66d53c81f	904cfd73-2707-47b8-8754-5765ec5a5b68
ee2b56e7-7cbe-4e8b-8797-1961240e7c80	c657bea7-3b82-4103-9d7c-8d9725f87ede
f6eef892-c962-4500-8ff6-adbeaf6e32e4	35a34e76-77fc-42b4-b8de-c587d30ff39a
3deb7ca6-27ad-4aa1-b1b2-e9187c601740	22ad4441-9fb5-447b-950c-bf33466b31bb
1cbbf15c-c105-4be7-88c6-38e807fe2b84	cebc01ee-f70a-4397-a552-622e10b62508
4842335f-2e17-4aa7-ade8-a9f7ca21072d	dd767840-363e-43ad-8835-c9ab516633de
bcd39976-255b-4cb7-88cd-c83aae9ef1fe	d6af3ac9-e252-4e13-a673-405125797219
4a69baa5-f368-4f96-8a93-81b2abeb5849	4133cff8-c12d-49eb-8c1a-31ec179a0dbf
3194fc96-e298-497d-9f3c-9dc04394ea14	c2f971d6-e0b4-4b00-87a4-074d6c96b2c9
31b40150-090b-44df-9555-da254ccd27e8	fe0b40e6-f742-45b0-9b2c-2cb976ce18ad
7cc28ee9-706f-4bbf-99ec-2b26f7d94621	90c9b9f1-0a4f-4639-b1e9-2bfb23d611bd
2ced42be-f650-47d6-809f-cba94a8eb50a	35a34e76-77fc-42b4-b8de-c587d30ff39a
1210b08c-a45c-4b76-ad25-c48b9d4ffac2	521cd7b5-9aab-4888-8709-f661e3b313a8
261d0114-fe5c-4dcc-b38a-7983bfc19499	b20215a9-25fb-4fa6-80a3-42e23f5352c2
a3144050-6bb6-4174-847c-671f69ea1e7f	8953ca7a-ed45-49a9-93af-87d55e69f910
51522bef-3147-4d85-a4e9-ad3d94743183	3bc4ec93-fd86-4c66-98d0-7623cbbaa6be
4a5c08c6-8eed-48d3-99f8-cee23ed300d0	42c49174-29b9-4bd8-b62b-b1c6b434ec7f
e92e4670-aa56-4404-9120-44500f160c41	a8bffaae-5c8c-439f-92f0-c9fbf32ce1d9
4e4e1b9e-c32e-466b-9d6f-384f00249b68	5d0b158c-7c31-41f8-84ae-8e4e950c1f0c
8e9e3f2c-45c3-4b8b-84b9-a16af77636f3	c71f6a1e-2bcd-407e-b0da-6728cb55e4db
1255e19a-f02d-485f-8d5f-000688312bd9	23265b25-7ec3-4960-8517-4ff8d4d92cac
de00c531-d10b-460a-891e-a0df3054b343	272308f4-05c8-4d0d-abc7-b7c2e3ccd249
73153251-39a7-45a7-b5d0-ee7e79566ca7	cc195f93-4244-489a-97e9-22480113c770
6fae7839-999f-4df4-bf13-7ccb75190806	d7c7489a-07f4-4c3f-af97-acacff6619ef
467815e0-af2a-4a6a-9560-2713a51c4cfc	107b4fd7-fef4-4a86-9796-2967c95f3f3c
610be2c0-f078-4e8c-85bd-327ff5b6d0c9	c71f6a1e-2bcd-407e-b0da-6728cb55e4db
0d74fa5d-e56e-4765-904e-2337fa46218e	e2ca2f1a-0ff3-43ce-b813-16645ff27904
12c20fab-30e0-40a7-aa33-290eeba4bcca	104ee859-8278-406b-80cb-5727373e0198
ee6d175d-e7af-417a-9f42-d2c69df9698f	f81590ba-856a-4c81-9380-8bb2804120c1
d1704b8c-343e-48b2-a477-767147783199	ff24cafc-c478-40e6-8a5d-754caf3659eb
ee010898-2f43-4a4c-8618-51916922d112	943981a6-2737-4fa7-abab-465d8ee04ed1
943981a6-2737-4fa7-abab-465d8ee04ed1	28262ae3-599c-4259-ae30-3c83a5ec02a1
c0d1efd0-0033-4ad3-8f98-9e4a988b0ca5	693b7a9e-688f-4278-9375-9841f4187b23
82bb6ae4-dc73-4e60-80bc-3c722997abfe	c3bc9a54-2d49-4236-962a-8414c6c33a86
702a503b-850f-4c6a-b111-0071a2e08e6b	e3147d4f-4bd5-4a14-a386-4ba7ccb058b4
2b9e8702-50e3-48fc-9f70-60ebd96e39c8	c419f70a-0986-4f55-b766-3a19216a3e5a
080e8f8f-2504-4770-bce8-961b0496aa01	cb4c8377-6fcb-4022-a7a1-98395eb50508
a9ee1e37-96af-4e52-91ca-b4d1930f52df	e957194d-ba66-4bca-a8e6-2959e00fe89c
b500ab05-19a2-491b-b7c8-90729118c244	107b4fd7-fef4-4a86-9796-2967c95f3f3c
ab7aae60-474a-4ada-b1fb-e825983c1c13	a34518fb-c418-45da-8551-888ca8bdedd6
d30e3837-2283-4c7e-a622-49c287ffc591	0398a361-7c0d-49dd-beb3-4e405571f627
7eb7f30a-925f-41c3-8a0c-5891acb330cd	b7f57213-4b16-446d-8ded-81955d782680
88423dd7-0bcd-4058-96fd-5f69f186e8b2	42c49174-29b9-4bd8-b62b-b1c6b434ec7f
e69dc613-58af-47aa-8d8e-79708fbfe677	27af9b0f-9ddf-47e2-9103-2f6f72d9ddf7
713fe1da-e59d-41af-b06d-fbf2fd2a9b7e	a937271d-25d1-4ebc-a2dd-eb94947c2122
190f2077-b295-4339-b865-729a0283595c	792441e6-9c05-4991-beb6-9970d15a5acd
6b2b33de-1cf7-49fb-880d-01336ba48959	9bc1fd7a-bf0e-4d94-85cf-07fee4d80d5a
9af66eaa-52b6-4239-a3b1-ba1e57afa16c	35a34e76-77fc-42b4-b8de-c587d30ff39a
3ac8bc3b-4b7e-44f3-99a0-527eadc52ce6	35a34e76-77fc-42b4-b8de-c587d30ff39a
04627536-a2e3-4ffd-9279-180feee5295a	35a34e76-77fc-42b4-b8de-c587d30ff39a
73e7b79f-398e-46ee-9757-34df58bcfed0	2ec0e71c-838f-4d9e-bffa-514cd7fbf863
a22b6a91-e1a8-4345-8cdd-68d6dbcec849	e3147d4f-4bd5-4a14-a386-4ba7ccb058b4
3cd17485-f0d6-4de8-ba15-57b29c9d6f7d	9cf64a4b-68cc-4723-8659-cd88523ce910
68068ced-fa8c-4fb5-80b5-9b1543f3bb8c	4133cff8-c12d-49eb-8c1a-31ec179a0dbf
0f446ccf-1b3d-4a6e-b1e5-c812cd6073ac	2368b8b1-9405-4e66-b396-a5d54b777a0a
9398e6cc-dd17-42ce-b52c-b0639a66887d	2368b8b1-9405-4e66-b396-a5d54b777a0a
0a246667-8d98-45be-af88-2c24e185c9fd	4133cff8-c12d-49eb-8c1a-31ec179a0dbf
5f058872-552f-40fa-a606-f3b9a7a2fd06	66acfe61-6c51-4cd9-90e0-34e47358020c
60492cbe-01c7-4226-87a6-b36cd58a41bd	66acfe61-6c51-4cd9-90e0-34e47358020c
6fa4cfe6-1753-4256-ad2a-8d866a04eef3	51efa3dd-e9bc-42b2-aa26-06bf5f543015
d7297215-a71a-4cd2-8e54-8405ed040901	c914fd40-dd0a-45c4-a6ff-bce0cda31bde
bff7d236-c320-4ea5-87ca-21e1c2a89131	1218dda2-9279-4fec-840c-1321cb1a8934
e0ba0572-62f2-4f4e-9bfa-ede46bd10bc9	26aac667-6c29-4570-ad74-33f8e2e72a18
421d530e-14cc-4403-b020-eb2d6295e3ae	e33ce727-bb6b-47a2-894b-b7174cb7faee
9e500421-3185-4032-82ae-e77a94b18da9	72241f43-600b-4c34-9205-5a07060a2711
81186333-f811-4983-b882-903bc7d32a3e	da0bc015-f8e5-492c-8d81-6fbf9b18947c
460718d9-82e4-40a7-bbe8-8824a4a05590	d0f1e5a3-c8f4-4780-8678-994f19104b21
ffedc568-ce84-43f6-b2a8-d749f24c13c7	e4b9e05a-6c04-4e18-945f-4584c08c4628
af289618-dfe2-463c-94cb-0ac41ee827eb	e33ce727-bb6b-47a2-894b-b7174cb7faee
fd7a5216-1dd4-4753-8abd-3da8c6e495e1	e33ce727-bb6b-47a2-894b-b7174cb7faee
df13e4ae-305e-4a85-9567-b0d19d5763ce	5d0b158c-7c31-41f8-84ae-8e4e950c1f0c
d77fe1b6-b609-4498-a321-94a41857019a	1a26ae19-00f2-4be1-b9b6-aa72876a0278
84230b48-93db-45f9-a374-0a82bba90f4e	4713d510-9dd1-479f-a2f3-9b2ec5cde0e3
8fd9c1af-16d1-4523-a402-a12593906b61	c657bea7-3b82-4103-9d7c-8d9725f87ede
51054a90-7681-45f1-bb1b-455b25ad4083	24e91c04-21cb-479a-8f23-df0eaab31788
7dc33d07-93e7-4c5d-aa26-7270db1e8209	22ad4441-9fb5-447b-950c-bf33466b31bb
c760ce35-1af9-4f3e-8b63-a3194e0c7327	93549580-c134-41a7-9cbc-1797ebc10200
fed09305-c819-4139-8b05-4b5375a1a582	931dc3bb-827b-4490-8013-111689b25142
670fb1d9-8ae5-4912-9121-6e0eb226b760	e33ce727-bb6b-47a2-894b-b7174cb7faee
a970f88e-84b5-4d59-ba1a-357ffd93eb3c	c914fd40-dd0a-45c4-a6ff-bce0cda31bde
c7111466-d961-466f-adce-eccbda93b7d8	4133cff8-c12d-49eb-8c1a-31ec179a0dbf
65deb7be-e3ce-49f3-b72e-547d4727fd00	4133cff8-c12d-49eb-8c1a-31ec179a0dbf
dd238797-cc99-4144-ad8c-e6d16f8e2176	51efa3dd-e9bc-42b2-aa26-06bf5f543015
8c32ec4f-bb34-45c4-9483-8bfd1248fada	a34518fb-c418-45da-8551-888ca8bdedd6
b42ec0f9-d161-4be6-85c5-bf3933c1cca4	5a9e6b26-ae64-4129-93ee-968028381e83
49043bab-0075-414b-969b-b144539eef05	454b3d57-870e-4691-a700-abbf7d883c34
cc60b435-6e25-4200-8b78-ed53eef6aa41	42c49174-29b9-4bd8-b62b-b1c6b434ec7f
73a9f875-3715-4661-a643-a7275de80ac8	42e6e5c3-3a06-4a6f-abd4-a4b85d9c6b16
77de6443-ae86-41cd-a78f-ac656704021a	86f769e5-f0a9-4d6c-8fbc-602dd5f13ad8
68f811fb-a0ae-4ca1-920f-0a01c52bec97	4133cff8-c12d-49eb-8c1a-31ec179a0dbf
dd26c813-5a16-478b-a680-d56ee57a6f97	22ad4441-9fb5-447b-950c-bf33466b31bb
999bb84a-2bed-434c-a6d1-63868100c3b1	2368b8b1-9405-4e66-b396-a5d54b777a0a
fa1f3afb-4de4-40d3-b5de-184f5cac0665	1f3d1ae8-aba7-4e02-abbc-6b54e6ff66aa
e9dc54fc-2942-4fa6-bb28-c3a47e83599e	e5f07ff7-b491-4d9f-9106-92aa276ee728
5bd34564-2ae0-4cc5-a6c8-416a9cbaa29c	66acfe61-6c51-4cd9-90e0-34e47358020c
b39c4582-9106-46af-951d-59d621e92959	e5f07ff7-b491-4d9f-9106-92aa276ee728
229ff51f-60db-4bea-84f7-c156c36e2a6b	104ee859-8278-406b-80cb-5727373e0198
29d4837a-c6e8-44e7-8ff6-4027b400fe42	f98bece0-dfc0-4db3-9374-dd629bcffdd7
2f9e3f9e-e2f0-4654-88a6-7ba0f251d76e	cc195f93-4244-489a-97e9-22480113c770
6d98ba4d-af6f-4e8f-b7ab-8855c90ad015	76af3d10-f1ff-4129-aad9-7c69edf7bb60
cea828a3-7695-40d6-9e4f-76bb16880d4b	1f3d1ae8-aba7-4e02-abbc-6b54e6ff66aa
3e337520-40a5-46bd-b0a5-6e2464707392	9bc1fd7a-bf0e-4d94-85cf-07fee4d80d5a
04902d6e-5ac7-491b-9c4b-27b8277485e8	02b042bb-b875-4362-ba13-41cbfb70f242
e19a4a42-727d-4d97-aca7-fbf449a3bd72	386180ca-4219-478e-8b80-a271dd5ce5f2
0f0ba370-1824-4326-85a3-c4038a0a3783	f98bece0-dfc0-4db3-9374-dd629bcffdd7
e66907e0-7da9-49fa-8bcc-26d32c608135	386180ca-4219-478e-8b80-a271dd5ce5f2
5118a02f-4c09-41ca-a9fe-78e07c196c12	a34518fb-c418-45da-8551-888ca8bdedd6
d4dece0b-f8cd-4c2d-91aa-1a3e180cbcc7	a34518fb-c418-45da-8551-888ca8bdedd6
96d35811-538f-43cf-9e8a-34202f550785	9cf64a4b-68cc-4723-8659-cd88523ce910
98a946dc-adf6-4b24-a25b-9210b632680b	db47ae0e-3443-4c3d-a6cc-fb125848b242
760c5c1f-223e-4640-9caa-a8a81d8610a9	3bc4ec93-fd86-4c66-98d0-7623cbbaa6be
e4afab5d-f00c-42ec-bf5a-8157f882e2c0	e957194d-ba66-4bca-a8e6-2959e00fe89c
930f5c6c-1788-4e64-961e-ed8bf22e5627	e957194d-ba66-4bca-a8e6-2959e00fe89c
b6eac040-8084-483c-a248-edea08955799	e957194d-ba66-4bca-a8e6-2959e00fe89c
f2e1a04f-c019-4727-a7f5-e123c6acc286	9cf64a4b-68cc-4723-8659-cd88523ce910
1f2bc59a-b5d0-431b-bcd7-4644ffae2043	bf3906da-359c-4366-9e1b-2e5b5334167e
ee750852-0173-4cf6-9cbf-3650ef535296	e04c9a5c-88e8-46e5-91d9-add405e098fb
f6114d3f-c950-424b-8f91-7b437c2992bc	02b042bb-b875-4362-ba13-41cbfb70f242
e1530b83-d797-4b05-b601-96bb8950fbc3	26aac667-6c29-4570-ad74-33f8e2e72a18
5d5dd4bb-15da-4535-b612-ef8259f1826a	b7f57213-4b16-446d-8ded-81955d782680
f42cdcd7-2bbe-4fa2-9edc-081a9acda57c	521cd7b5-9aab-4888-8709-f661e3b313a8
631f2a09-9bee-4911-898c-3a3c3568c737	943981a6-2737-4fa7-abab-465d8ee04ed1
4eb7fc94-9bf9-4578-aca1-737cbaaed516	edb9b4a6-b804-4348-beee-81827c86bf0b
373e6e1c-d73f-41a7-ac8c-0da991abbedb	e04c9a5c-88e8-46e5-91d9-add405e098fb
c6da0a94-6a82-47c3-97bb-308efda37312	940e7a57-171a-4dad-b6eb-e2a5a87c9cec
4a1c13d6-c408-4fe4-ba47-788b3f09a7f1	cb73ab7b-1062-4ad7-b91c-0e228516b47e
69311d87-0a19-47f0-b8f6-828146990cfb	9bc1fd7a-bf0e-4d94-85cf-07fee4d80d5a
b3780699-67b0-4c7d-832d-fed959b0e402	35092839-9f4a-4ee0-a1c3-6969d8440d79
9797d693-65f2-4e74-b652-2dae0ce7e4d4	a44b1c68-807c-45fe-bc7b-a47586617863
a05ec3d4-e403-483c-8781-8cf1351fc352	104ee859-8278-406b-80cb-5727373e0198
9031a0b6-67df-4bf0-a5b3-53cf9d78b8a4	91e476e9-e1df-4c81-acd1-c86c5bf9898d
a9d68a43-fc33-4ff1-8c4f-f511b7cb1e22	ff24cafc-c478-40e6-8a5d-754caf3659eb
6f11b0b8-ab44-4545-8e76-a94adc3935f0	edb9b4a6-b804-4348-beee-81827c86bf0b
b81471a5-d1c3-4bae-8526-71553c248704	42fdd045-cadf-474b-b8a6-ca20a77c43bb
b0c0b3c6-6ee2-4fce-9abd-4a73be10c483	5a9e6b26-ae64-4129-93ee-968028381e83
ed162339-1b37-4cc4-9154-a8da7233b36a	ff24cafc-c478-40e6-8a5d-754caf3659eb
bdb1c221-d4e5-45c3-8c22-079b8b3c831e	f98bece0-dfc0-4db3-9374-dd629bcffdd7
deec10aa-e68b-4bcc-9361-a0be605479de	24e91c04-21cb-479a-8f23-df0eaab31788
